PuzzleId,FEN,Moves,Rating,RatingDeviation,Popularity,NbPlays,Themes,GameUrl,OpeningTags
ZEBhn,6k1/r2BRp1p/p5p1/1pp4n/5P2/P1Br4/1P6/5RK1 b - - 0 39,g8f8 e7e8,600,84,100,1196,mate mateIn1 middlegame oneMove operaMate pillsburysMate,https://lichess.org/0W7xHnFg/black#78,
mX46Y,2kr3r/ppqnbpp1/4p3/1P1p2Np/N2P2n1/P6P/2PB1PP1/R2Q1RK1 w - - 2 16,g5f7 c7h2,601,81,100,1508,mate mateIn1 middlegame oneMove,https://lichess.org/Kumn6txh#31,Caro-Kann_Defense Caro-Kann_Defense_Other_variations
BYPTm,5r1k/p5p1/8/6Q1/2P5/7P/6RK/2q5 b - - 0 41,c1c4 g5g7,602,96,100,1857,endgame mate mateIn1 oneMove,https://lichess.org/YM8hgHqT/black#82,
tcuAJ,1r2r1k1/pb1nqpp1/7p/2p2B2/3p4/P1N1P3/1PQ2PPP/R3R1K1 w - - 0 19,e3d4 e7e1 a1e1 e8e1,608,81,100,1383,kingsideAttack mate mateIn2 middlegame short,https://lichess.org/rjqiTGBW#37,Queens_Gambit_Declined Queens_Gambit_Declined_Exchange_Variation
IYtwQ,5r1k/1p4pp/5R2/3Q4/pP6/P5qP/2P3p1/3R2K1 b - - 0 32,f8f6 d5d8 f6f8 d8f8,610,81,100,1292,endgame mate mateIn2 short,https://lichess.org/iA3VWdb8/black#64,
0s80I,1K6/1P1n2pk/7p/4n2P/3r4/8/P7/1RR5 w - - 1 48,b8a7 d4a4,614,83,100,1065,anastasiaMate endgame mate mateIn1 oneMove,https://lichess.org/cx1c77PS#95,
kp5x2,r2q1rk1/p4ppp/3n4/1p1p1b2/1P1Qp3/P3P1P1/1BP2PBP/R4RK1 b - - 0 18,d6c4 d4g7,615,89,100,1097,kingsideAttack mate mateIn1 middlegame oneMove,https://lichess.org/Q0Wa8rB1/black#36,Hungarian_Opening Hungarian_Opening_Other_variations
inte6,r3r1k1/pp3ppp/3p1Nq1/2pP4/8/4Q1P1/PPP2P1P/3bR1K1 b - - 1 22,g6f6 e3e8 a8e8 e1e8,616,93,100,1736,backRankMate endgame mate mateIn2 short,https://lichess.org/Is4QMk1v/black#44,
PGQGT,8/8/1R6/8/6p1/5r2/5k2/4R2K w - - 4 55,b6b1 f3h3,619,99,100,1442,endgame mate mateIn1 oneMove rookEndgame,https://lichess.org/ePKt8gJp#109,
LyY1p,r4rk1/5pp1/2pb1q1p/1p1n4/p2P2b1/P1PQ1N2/1PB2PPP/R1B1R1K1 b - - 3 18,g4f3 d3h7,619,97,100,1283,mate mateIn1 middlegame oneMove,https://lichess.org/cgpmxXJk/black#36,Italian_Game Italian_Game_Giuoco_Piano
cVcup,6rk/1p5p/8/1NbPp3/4Pp2/5P2/3Q3P/5RqK w - - 22 44,f1g1 g8g1,620,83,100,1086,endgame master mate mateIn1 oneMove operaMate,https://lichess.org/KHXKFxWA#87,
8Puf9,8/p7/1p4kp/2p2R2/6n1/2P5/PPK5/8 w - - 0 41,f5d5 g4e3 c2d3 e3d5,621,98,100,1075,crushing endgame fork short,https://lichess.org/700DfbCe#81,
c5ZZ6,r7/p6Q/b1p1kpp1/3p4/8/1BP3R1/P1P2qPP/R3r2K w - - 10 25,a1e1 f2e1,624,79,100,1196,backRankMate mate mateIn1 middlegame oneMove,https://lichess.org/BB8S7YcY#49,
indnJ,2kr3r/1bpn3p/5pp1/1N1Pp3/4P3/8/2Q3PP/q4RK1 b - - 1 31,a1a6 c2c7,625,81,100,1213,mate mateIn1 middlegame oneMove queensideAttack,https://lichess.org/e8qN9L2u/black#62,
BqkHU,6k1/5p1p/6p1/3Q4/p1P2Pq1/8/P4b1P/4R2K w - - 0 35,e1e7 g4g1,629,79,100,1927,endgame master mate mateIn1 oneMove,https://lichess.org/Gdmowagi#69,
I2NYn,r1b2rk1/p1q1bppp/4p3/3p2B1/6n1/2PB4/PPQ1NPPP/R4RK1 w - - 5 15,g5e7 c7h2,632,81,100,1569,kingsideAttack mate mateIn1 middlegame oneMove,https://lichess.org/1TT98t8i#29,Sicilian_Defense Sicilian_Defense_Taimanov_Variation
MKhiQ,5k2/R7/2p2PKp/4p3/5p1P/5Pp1/2P5/1r6 b - - 3 36,g3g2 a7a8 b1b8 a8b8,634,80,100,1485,endgame mate mateIn2 rookEndgame short,https://lichess.org/wGi3MYFq/black#72,
UIpCU,r2Q1rk1/pp4pp/2p1N1q1/8/7n/4P2P/PP4P1/R2R2K1 w - - 4 29,e6f8 g6g2,635,80,100,2711,mate mateIn1 middlegame oneMove,https://lichess.org/yZxLsN6R#57,
pGpYw,5r2/1p2kn2/p1p2np1/2P4p/1P5P/P3PPK1/3RB3/3N4 w - - 2 30,f3f4 f6e4 g3g2 e4d2,638,99,100,1072,advantage endgame fork short,https://lichess.org/sEPFfHRu#59,
CCknu,6k1/1pp2p1b/p3r1pP/4p1p1/2B1P3/r3N2Q/1q3P2/4R1K1 b - - 1 30,e6f6 h3c8,641,81,100,1671,mate mateIn1 middlegame oneMove,https://lichess.org/xAAPjFGu/black#60,
Ggdtt,r4rk1/pbb3pp/npn2q2/4ppN1/1pPP4/P3BNP1/2Q2P1P/R3RBK1 b - - 0 18,f5f4 c2h7,642,83,100,1215,kingsideAttack mate mateIn1 middlegame oneMove,https://lichess.org/LP28RVDP/black#36,French_Defense French_Defense_Kings_Indian_Attack
J1oXY,r3q1k1/p3r1p1/3R3p/1p2B3/2b5/2P3Q1/5PPP/3R2K1 w - - 4 31,e5d4 e7e1 d1e1 e8e1,644,83,100,1068,mate mateIn2 middlegame short,https://lichess.org/mVM50WC5#61,
07fRV,8/6k1/3p1p2/p2B1Kn1/1p1P2P1/1P2P3/P3R3/2r5 w - - 1 39,e3e4 c1f1 e2f2 f1f2,644,79,100,1507,endgame mate mateIn2 short,https://lichess.org/51D2bhp0#77,
410ih,r4rk1/2R3Rp/p3p3/q3Pn2/1p4Q1/8/PP3PPP/5K2 b - - 0 23,f5g7 g4g7,647,78,100,1226,endgame mate mateIn1 oneMove,https://lichess.org/sRTW5LD8/black#46,
IosLj,6r1/2k2p1p/1qP1p3/3rP3/4Q1p1/P7/5PPP/1R4K1 w - - 2 28,b1b6 d5d1 e4e1 d1e1,647,89,100,1501,backRankMate endgame mate mateIn2 queenRookEndgame short,https://lichess.org/i1zPnQ05#55,
MXFHN,5rk1/5pp1/4pP1p/2Pp3R/2n5/r3B3/2P1BP2/2K4R w - - 1 27,f6g7 a3a1,649,80,100,1972,mate mateIn1 middlegame oneMove,https://lichess.org/Etlq9QNu#53,
my9Xk,r1b2rBk/ppp2pp1/2n5/6q1/1P4P1/P3P3/1BQPP3/R3K2R b KQ - 4 21,h8g8 c2h7,650,80,100,1234,master mate mateIn1 middlegame oneMove,https://lichess.org/pZsg8d86/black#42,
cScYs,r1b1k1nr/pppp1ppp/5q2/2b1N3/1PB1P3/8/P1nP1PPP/RNBQK2R w KQkq - 0 7,e1f1 f6f2,651,86,100,1941,mate mateIn1 oneMove opening,https://lichess.org/W14u8lI9#13,Ruy_Lopez Ruy_Lopez_Bird_Variation
7n4X2,7R/5k2/4p3/2bpP2p/5Pp1/3B2P1/2P3KP/r7 w - - 10 44,h8h5 a1g1,653,102,100,1065,endgame master mate mateIn1 oneMove operaMate,https://lichess.org/E4AxFjh5#87,
wdEAA,6k1/p3r1p1/r1p3R1/q1p5/1p5P/2NP3R/PPPQ1P2/1K6 w - - 2 30,c3e4 a5a2 b1c1 a2a1,654,104,100,1670,mate mateIn2 middlegame queensideAttack short,https://lichess.org/uc9E1hSD#59,
TzVIa,r1bq1rk1/pp1n1ppp/2p2b2/2Ppp3/3P4/P1N1PNP1/1PQ2PP1/R3KB1R b KQ - 1 12,e5d4 c2h7,654,84,100,1602,kingsideAttack mate mateIn1 oneMove opening,https://lichess.org/v64NfBkA/black#24,Semi-Slav_Defense Semi-Slav_Defense_Other_variations
HForO,8/8/p1R4p/P5pk/1P1q2P1/7P/3r2PK/3R4 b - - 0 34,h5h4 c6h6,655,92,100,1114,endgame mate mateIn1 oneMove queenRookEndgame,https://lichess.org/LqFqHyXn/black#68,
xojE2,k1r4r/1p2qp1p/3BPn2/p7/6p1/PQb5/4BPPP/1R3RK1 b - - 4 22,e7d6 b3b7,655,105,100,1135,mate mateIn1 middlegame oneMove queensideAttack,https://lichess.org/U8VlGgN1/black#44,
rNWK2,3rr1k1/2p2ppp/p1Q5/1p6/5B2/2P2N2/PP3PPP/5qK1 w - - 0 23,g1f1 d8d1 f3e1 d1e1,658,90,100,1207,endgame mate mateIn2 short,https://lichess.org/iJYPHo6y#45,
qacDB,3r1rk1/pp3pp1/2pp1q1p/2b1p1n1/4P3/1BPP1NPP/PP3P2/R2QK2R w KQ - 1 18,f3g5 f6f2,660,91,100,1707,attackingF2F7 mate mateIn1 middlegame oneMove,https://lichess.org/XXywOrgx#35,Italian_Game Italian_Game_Two_Knights_Defense
apXHq,7k/p5r1/7p/2p1Q1p1/2P3P1/2P1KPP1/6r1/8 w - - 2 44,e3e4 g2e2 e4d5 e2e5,665,85,100,1146,crushing endgame queenRookEndgame short skewer,https://lichess.org/42flMXgP#87,
cbjwf,1r1q1brk/pb3p1R/1ppnpPp1/6P1/2pP1P2/2N5/PP4BP/R1B1Q1K1 b - - 0 20,h8h7 e1h4 f8h6 h4h6,668,79,100,1091,mate mateIn2 middlegame short,https://lichess.org/JZaANpdx/black#40,
vdqDl,r2b1rk1/1p5p/2p4R/2P5/1P3pq1/6P1/2Q2PK1/1RB5 b - - 0 30,f4g3 c2h7,672,78,100,1206,mate mateIn1 middlegame oneMove,https://lichess.org/JlOYzrwh/black#60,
PLPax,1rq1r2k/pp4pp/5b2/7Q/P2P1N2/4B3/1P3PPP/5RK1 w - - 5 23,f1c1 c8c1 e3c1 e8e1,673,81,100,1096,backRankMate mate mateIn2 middlegame sacrifice short,https://lichess.org/c7BNeIDi#45,
JypAq,1r4k1/1q3ppp/2b5/8/3Q4/4PB2/1P3PPP/1K1R4 b - - 5 26,c6f3 d4d8 b8d8 d1d8,673,78,100,1210,backRankMate endgame mate mateIn2 sacrifice short,https://lichess.org/afgLR6aI/black#52,
1tfF2,7k/1b4p1/p6p/1pp2BbN/6QP/P1P5/1q4P1/7K b - - 0 31,g5h4 g4g7,678,96,100,1362,endgame mate mateIn1 oneMove,https://lichess.org/Ve1RE5HW/black#62,
CEgg4,7R/8/1pkpp3/6B1/r6P/2P3r1/5K2/8 b - - 3 34,g3c3 h8c8 c6d5 c8c3,679,79,100,1081,advantage endgame master short skewer,https://lichess.org/IaNKlBAo/black#68,
WlXc8,8/6P1/8/8/8/4kp2/1r6/5K2 w - - 0 67,g7g8q b2b1,679,85,100,1248,endgame master mate mateIn1 oneMove queenRookEndgame,https://lichess.org/QGRquvF9#133,
zYrGM,8/p2k2p1/1p2p3/2R1Pn2/4KPP1/P7/P7/8 b - - 0 35,b6c5 g4f5 e6f5 e4f5,681,78,100,1133,crushing endgame master masterVsMaster short,https://lichess.org/eQ1C2AwI/black#70,
Md9P3,8/8/3k4/1KpP4/2P1n1B1/8/8/8 w - - 2 70,g4e2 e4c3 b5a5 c3e2,686,78,100,1241,crushing endgame fork short,https://lichess.org/9svOgLXv#139,
34gd6,r4rk1/pppqb1p1/2bp1n1p/5pN1/3Q3P/1P2P3/PBP1NPP1/2KR3R b - - 0 13,f6g4 d4g7,687,78,100,1324,kingsideAttack mate mateIn1 middlegame oneMove,https://lichess.org/OCREmuLa/black#26,Nimzo-Larsen_Attack Nimzo-Larsen_Attack_Modern_Variation
9Mb1m,6k1/pR4p1/5pKp/2r5/5B2/2p4P/6P1/6b1 b - - 5 40,c3c2 b7b8 c5c8 b8c8,687,85,100,1132,endgame mate mateIn2 short,https://lichess.org/LLrTddFi/black#80,
sipi2,r5k1/1pp2pp1/p1np3p/4p3/4P1nq/1PPPB3/1P2R1PP/R3Qr1K w - - 0 21,e1f1 h4h2,692,92,100,1087,kingsideAttack mate mateIn1 middlegame oneMove,https://lichess.org/6daHv7UR#41,
97Q88,7k/pp1n2pb/2pq3B/8/3P3r/5Q2/PPP2PP1/4RRbK w - - 1 25,h1g1 d6h2,696,78,100,1533,mate mateIn1 middlegame oneMove,https://lichess.org/YZGdMXkA#49,
TkQ7P,r1q1r1Qk/ppp1b1pp/3p1n1N/3PR3/8/2N5/PP3PPP/R1B3K1 b - - 6 19,f6g8 h6f7,699,91,100,1217,mate mateIn1 middlegame oneMove smotheredMate,https://lichess.org/YzWjvbV6/black#38,
NApAX,2r2r1k/p2n1pp1/bpq4p/8/3P2nB/2P1PN2/P1Q2RPP/1BR3K1 b - - 6 21,g4f2 c2h7,701,78,100,1339,mate mateIn1 middlegame oneMove,https://lichess.org/xAjn2GzE/black#42,
oYYKx,2b5/7p/2Pk2p1/3N4/4PKP1/8/8/8 b - - 2 51,d6c6 d5e7 c6d7 e7c8,706,88,100,1333,crushing endgame fork short,https://lichess.org/Y0wwa6Ze/black#102,
9lpqz,2k5/1pp3R1/p5p1/2N3P1/1P3n2/r2p4/5K2/8 b - - 1 36,d3d2 g7g8,709,77,100,1332,endgame master mate mateIn1 oneMove,https://lichess.org/Ye2lZp9U/black#72,
WtKGG,6r1/6pk/R7/4PR2/p4P2/5K1p/4rP2/5b2 b - - 1 37,h3h2 f5h5,711,78,100,1384,endgame mate mateIn1 oneMove,https://lichess.org/3OVe8RJL/black#74,
c9MqU,5k2/p1p5/1b1p1r1P/1P1P4/2P3R1/3B1P2/6P1/7K w - - 1 45,h6h7 f6h6 g4h4 h6h4,713,78,100,1769,endgame mate mateIn2 pillsburysMate short,https://lichess.org/mrYiEHn3#89,
XeHnu,8/5p2/P7/6pk/2qpQ3/6PP/5K2/8 b - - 0 52,c4a2 e4e2 a2e2 f2e2,717,80,100,1673,crushing endgame queenEndgame short,https://lichess.org/sMyQLLIR/black#104,
ASUwe,r5k1/ppp2ppp/8/5q2/6b1/3Br3/PPPN1NQP/2K5 w - - 0 22,d3f5 e3e1 f2d1 e1d1,719,87,100,3099,mate mateIn2 middlegame operaMate queensideAttack short,https://lichess.org/IIY1RgGz#43,
r9FnO,r4rk1/1b3p1B/p1q1p2p/1pn1B3/6Q1/2P1n2N/PP3PPP/3RK2R b K - 2 21,g8h7 g4g7,726,80,100,1308,master mate mateIn1 middlegame oneMove,https://lichess.org/s5vUjXH6/black#42,
alGvC,3rr1k1/p1p1qpp1/3bb2p/2pp4/4n3/2P1PP1P/PPQBN1P1/RB2R1K1 b - - 0 16,e4d2 c2h7 g8f8 h7h8,734,78,100,1981,kingsideAttack mate mateIn2 middlegame short,https://lichess.org/ppmwU8V7/black#32,Zukertort_Opening Zukertort_Opening_Other_variations
XzowY,r3nBk1/1bq1pp1p/p1np2p1/1p5P/4P1P1/P1Q2P2/1PP1B3/R3K2R b KQ - 0 18,g8f8 c3h8,734,80,100,1377,mate mateIn1 middlegame oneMove,https://lichess.org/MYuNEpC1/black#36,Sicilian_Defense Sicilian_Defense_Najdorf_Variation
ICOU9,3rR1k1/pb3ppp/1qpQ1b2/8/3p4/1P6/PB3PPP/4R1K1 b - - 5 25,d8e8 e1e8,735,82,100,1655,backRankMate mate mateIn1 middlegame oneMove,https://lichess.org/HLrq30SY/black#50,
WZJvC,1k3r2/pp4p1/3q4/7p/6n1/2P4P/PP2Q1P1/RN5K w - - 4 27,b1d2 d6h2,735,86,100,2655,endgame mate mateIn1 oneMove,https://lichess.org/ecumRG3Y#53,
pOzm0,r2q1kBr/ppp3pp/2np4/b7/3PP3/1Q3b2/P4PPP/RNB2RK1 b - - 0 11,f3g2 b3f7,737,84,100,1375,mate mateIn1 middlegame oneMove,https://lichess.org/k9Ayafra/black#22,Italian_Game Italian_Game_Evans_Gambit
QP6Ei,4n1rk/pp5p/5p1q/3N4/3N2n1/5QP1/PP5P/5R1K w - - 1 33,d5f4 h6h2,743,85,100,1454,mate mateIn1 middlegame oneMove,https://lichess.org/DXcgfIMi#65,
yGv7n,r4rk1/4b1pp/2pqp3/p2n2B1/P2P2n1/1QN4P/1P2NP2/R4RK1 w - - 0 18,g5e7 d6h2,743,82,100,1898,mate mateIn1 middlegame oneMove,https://lichess.org/IjVzJMa1#35,French_Defense French_Defense_Exchange_Variation
U9Wzl,4R2k/2q3p1/3b2np/p4rB1/Pp1P4/1Qp2N1P/5PP1/6K1 b - - 0 31,h8h7 b3g8,746,78,100,1359,mate mateIn1 middlegame oneMove,https://lichess.org/1yBP12dN/black#62,
qYzrH,3rkr2/4bRpp/3p4/1q6/3QP3/8/PPP3PP/5R1K w - - 1 23,d4g7 b5f1 f7f1 f8f1,747,79,100,1463,backRankMate mate mateIn2 middlegame short xRayAttack,https://lichess.org/JU7HYer1#45,
ptbp6,5n2/1p4k1/3p3N/p1pP2Pp/2P1r2P/1P6/P7/3KN3 b - - 0 33,e4h4 h6f5 g7g6 f5h4,748,79,100,2574,advantage endgame fork short,https://lichess.org/q7IvLOao/black#66,
Mwlgi,r1b1k2r/p4ppp/2p5/n1b1p3/B3N1nq/3P4/PPP2PPP/RNBQ1RK1 w kq - 4 12,e4c5 h4h2,750,77,100,1303,kingsideAttack mate mateIn1 middlegame oneMove,https://lichess.org/d3D6AfnF#23,
C9CdU,8/8/5p2/4kPp1/6Pp/4K2P/8/8 w - - 4 54,e3d3 e5f4 d3c4 f4g3 c4d5 g3h3,751,82,100,2426,crushing endgame long pawnEndgame,https://lichess.org/GleXse8p#107,
QkR08,8/3r2kp/p2PQ1p1/1p2pp2/1P3q2/P1N5/5p2/3K1R2 b - - 1 39,d7d6 e6d6 f4d4 d6d4,752,92,100,2392,crushing endgame hangingPiece master short,https://lichess.org/1vwhvP5t/black#78,
qY9KK,7k/6p1/1q3p1p/4p3/PP2P3/3Q3P/2r2PP1/B2R2K1 w - - 1 35,b4b5 b6f2 g1h2 f2g2,754,88,100,2334,endgame mate mateIn2 short,https://lichess.org/E4t6588q#69,
TNbx8,1r1q1b1r/p1p1k1p1/2B2BQ1/4n3/3pN3/7P/PPP5/R3K2R b KQ - 0 18,g7f6 g6f6,756,76,100,1340,mate mateIn1 middlegame oneMove,https://lichess.org/VjWxg1EC/black#36,Blackmar-Diemer_Gambit Blackmar-Diemer_Gambit_Teichmann_Variation
ZDw5T,3r1rk1/6pp/pp2N3/4n3/3R2Pq/8/PPP3QP/1K2R3 w - - 1 25,e6d8 h4e1 d4d1 e1d1,756,95,100,2127,hangingPiece mate mateIn2 middlegame queensideAttack short,https://lichess.org/Lxp6CHe8#49,
YsziB,8/5kp1/7p/3P1pbK/8/2B4P/4NP2/8 w - - 1 44,e2g3 g7g6,759,78,100,1442,endgame mate mateIn1 oneMove,https://lichess.org/Y93VaooC#87,
MkWa1,3r4/8/6k1/5NP1/6K1/5P2/8/8 b - - 0 59,d8d5 f5e7 g6g7 e7d5,761,93,100,1458,crushing endgame fork short,https://lichess.org/gsQxzD5n/black#118,
lnDBq,1r4k1/pp3n1p/3p1Qp1/8/4RP2/3q3P/2r3P1/4R1K1 b - - 1 38,d3d2 e4e8 b8e8 e1e8,762,78,100,1310,mate mateIn2 middlegame short,https://lichess.org/cOtGdg1F/black#76,
nSbav,2k1r3/1p2r1pp/2p1Pp2/p7/2B2B2/2P5/PP2KP1P/R7 w - - 0 23,f4d6 e7e6 c4e6 e8e6 e2f3 e6d6,763,76,100,1970,advantage endgame fork long,https://lichess.org/mZWb9eYG#45,
WCfYK,3r2k1/p4ppp/5n2/P1p5/2P5/3R1QP1/5PKP/q7 b - - 1 22,d8d3 f3a8 d3d8 a8d8 f6e8 d8e8,765,79,100,1931,endgame long mate mateIn3,https://lichess.org/dkodKyu1/black#44,
3hfA0,r5k1/pp3pp1/7p/3pQ3/6q1/1PP2N2/P4PR1/7K b - - 0 30,g4f3 e5g7,766,77,100,1316,endgame mate mateIn1 oneMove,https://lichess.org/0Hv4ei3c/black#60,
fcCiC,8/8/1R4pk/4KP1p/7r/8/8/8 b - - 1 57,h6g5 b6g6,767,94,100,1459,endgame epauletteMate master mate mateIn1 oneMove rookEndgame,https://lichess.org/3lKRL43M/black#114,
Z09rj,r1q2bk1/2P3r1/3pbn2/P3p3/1PB1Ppp1/8/2QB1NnP/2R2R1K b - - 1 28,g7c7 c4e6 c8e6 c2c7,768,80,100,2328,advantage discoveredAttack master middlegame short,https://lichess.org/VLgBo444/black#56,
oLJ2o,6k1/5ppp/4pqn1/1bP1N3/8/4QB2/5PPP/6K1 w - - 2 29,e5g6 f6a1 f3d1 a1d1 e3e1 d1e1,768,76,100,1975,endgame long mate mateIn3,https://lichess.org/AcK0bzbG#57,
BfPsP,6r1/1pp1R2k/7b/p6p/3P4/2P1p3/qPB3PP/5RK1 b - - 1 29,h7h8 e7h7,769,77,100,2018,endgame mate mateIn1 oneMove operaMate,https://lichess.org/7JFmcOyC/black#58,
K1M2s,1R6/2p1kp2/4p3/pB1pBn2/3P4/K3P3/PPb2r2/2r5 b - - 1 33,f5e3 b8e8,770,76,100,1495,mate mateIn1 middlegame oneMove operaMate pillsburysMate,https://lichess.org/6jAfGcB2/black#66,
zDVG3,8/1k6/1p6/7P/p4q2/3Q3K/5PP1/8 w - - 10 53,d3f3 f4f3 g2f3 a4a3,772,77,100,1785,crushing endgame queenEndgame short,https://lichess.org/RCGzTLYy#105,
Rm4GS,2r2r1k/pp1b3p/6p1/3B2q1/1n2P1p1/1KP3B1/PP1R3P/4R3 b - - 6 25,g5d2 g3e5 f8f6 e5f6,773,76,100,1470,doubleBishopMate kingsideAttack mate mateIn2 middlegame short,https://lichess.org/LZTTbOLY/black#50,
HVfLY,8/1p1k4/p1b5/5p1p/6pP/3PB1P1/P3rP2/2Q3K1 w - - 4 34,c1c5 e2e1 g1h2 e1h1,775,78,100,2621,endgame mate mateIn2 operaMate short,https://lichess.org/wn7F0TQ8#67,
tUVEY,4k2r/ppp2ppp/2n1b3/2b5/6n1/1P6/PBP2PPP/RN2Q1K1 w k - 1 17,b1d2 c5f2 e1f2 g4f2,784,93,100,2648,advantage fork middlegame short,https://lichess.org/aDCDEdyq#33,Bishops_Opening Bishops_Opening_Urusov_Gambit
jaIyL,1br1k2r/1pqnn1pp/P3p3/3p1p2/3P4/P1NBP2P/3BQPP1/R1R3K1 w k - 1 18,a6b7 c7h2 g1f1 h2h1,785,77,100,1528,kingsideAttack mate mateIn2 middlegame short,https://lichess.org/aA5tawKI#35,Slav_Defense Slav_Defense_Other_variations
g8Quj,5rk1/5p2/pq4bp/6p1/3pN3/1P4P1/PQ3P1P/4R1K1 b - - 1 31,f8e8 e4f6 b6f6 e1e8,785,78,100,1436,advantage discoveredAttack endgame short,https://lichess.org/IXRORINE/black#62,
ls37q,rnb1k1nr/ppp2ppp/8/2b1P3/3q4/6N1/PPPP2PP/R1BQKBNR w KQkq - 3 7,g1f3 d4f2,785,79,100,1500,mate mateIn1 oneMove opening,https://lichess.org/PiddQCSI#13,Kings_Gambit_Declined Kings_Gambit_Declined_Falkbeer_Countergambit
R5s5D,r7/ppp1qk2/3pp1Q1/3nP3/NP6/P5RP/5rP1/6K1 b - - 3 24,f7f8 g6g8,790,90,100,1453,mate mateIn1 middlegame oneMove,https://lichess.org/RBM4L0JO/black#48,
IAmnW,rnbq1rk1/1pp1bp2/4pn1R/1p1p2p1/8/4P3/PBPPBP2/RN1QK1N1 b Q - 0 11,f6e4 h6h8,791,78,100,1374,mate mateIn1 oneMove opening operaMate,https://lichess.org/HTx23bGu/black#22,Polish_Opening Polish_Opening_Schiffler-Sokolsky_Variation
1YFnv,1rb3k1/pp4pP/2pp1qQ1/6b1/2PP4/P4p2/1P3PP1/3K1B1R b - - 0 24,g8h8 g6e8 f6f8 e8f8,791,79,100,2012,kingsideAttack mate mateIn2 middlegame short,https://lichess.org/8LZyjAez/black#48,
jnauQ,2r1r1k1/5ppp/p1qb4/1p4B1/5PP1/P6P/1PPQ4/2KR3R w - - 0 20,d2d6 c6c2,792,76,100,1324,mate mateIn1 middlegame oneMove queensideAttack,https://lichess.org/Yj1R3eOD#39,
xo94b,2n1r1k1/p4p1p/2Pn2p1/2Q5/5p2/P3r3/1B4PP/3R2K1 w - - 0 32,c6c7 e3e1 d1e1 e8e1 g1f2 d6e4 f2e1 e4c5,792,78,100,1304,advantage fork middlegame veryLong,https://lichess.org/kc9RxFWd#63,
zNTPj,3r2k1/4rppp/p1N1nb2/Pp1q3P/2pP4/2P2QP1/1P3P2/R4RK1 w - - 0 28,f3d5 d8d5 c6e7 f6e7,793,77,100,1537,advantage middlegame short,https://lichess.org/yT49VnCl#55,
pQ5N9,7k/4R2p/3rp1pB/p7/3r1P2/4b3/P2p2PP/3R3K b - - 4 30,e3f4 e7e8,793,78,100,1335,endgame mate mateIn1 oneMove pillsburysMate,https://lichess.org/3AsUYd63/black#60,
wPm8i,2kr1b1Q/pp3N2/2p1p1p1/2n1P3/5B2/8/PqP3PP/R6K w - - 0 22,a1c1 b2c1 f4c1 d8d1,799,78,100,1719,backRankMate mate mateIn2 middlegame sacrifice short,https://lichess.org/v4WjdiqF#43,
Yacpz,8/8/2r5/3k4/3rp3/1P6/1P6/1K4Q1 w - - 0 56,g1g2 d4d1 b1a2 c6a6,802,76,100,2653,endgame mate mateIn2 queenRookEndgame short,https://lichess.org/bkZl1WUH#111,
Yl9t8,2k1rB2/pp4p1/8/7p/3N4/1BP3b1/PP3nP1/4RR1K w - - 0 25,f1f2 e8e1 f2f1 e1f1,803,79,100,2124,hangingPiece mate mateIn2 middlegame pillsburysMate short,https://lichess.org/plzvt9IN#49,
OJ5ZW,3r2k1/2prqpp1/pp3n1p/3Np1N1/2P5/PP4P1/5P1P/RQ2n1K1 b - - 1 23,f6d5 b1h7 g8f8 h7h8,804,89,100,1902,kingsideAttack mate mateIn2 middlegame short,https://lichess.org/lQuCuvwU/black#46,
yZsfl,3r4/ppp3k1/2n3p1/8/3q1PP1/2RN3P/P2Q2K1/8 b - - 4 39,c6b4 c3c7 d8d7 c7d7,807,77,100,1736,crushing endgame master short,https://lichess.org/wpTIMLZj/black#78,
1SwpQ,6k1/b4pp1/2Q4p/8/P4PNq/2P2R1P/3r4/1R2r2K w - - 2 29,b1e1 h4e1 f3f1 e1f1,808,76,100,1868,mate mateIn2 middlegame short,https://lichess.org/EwoqrvLx#57,
YDnzK,2r2rk1/1b2ppbp/p1qp1np1/1p4B1/8/1P1PP1NP/P2NQPP1/1R3RK1 w - - 1 16,b1c1 c6g2,809,77,100,1860,kingsideAttack mate mateIn1 middlegame oneMove,https://lichess.org/NI621fVR#31,Modern_Defense Modern_Defense_Other_variations
qNdoe,r3rb1k/pbq4p/1p2QBp1/8/2n5/2P3N1/PP3PPP/4RRK1 b - - 6 24,f8g7 e6e8 a8e8 e1e8,812,77,100,2170,kingsideAttack master mate mateIn2 middlegame short,https://lichess.org/cwWsPGDL/black#48,
tZrEm,5rk1/pp6/2pq2n1/3p1pPQ/3P1P2/6P1/PPP3K1/4R3 b - - 0 26,g8f7 h5h7,813,84,100,2249,endgame master mate mateIn1 oneMove,https://lichess.org/DjO4e3Sa/black#52,
PIf9b,5n2/8/2b1pk2/2Np3p/3P1KpP/4B3/5PP1/8 w - - 2 42,g2g3 f8g6,818,80,100,1646,endgame mate mateIn1 oneMove,https://lichess.org/2rycAYK9#83,
e8xM1,8/p1k3pp/1pP5/3Pp1Pb/4P2P/1PPp4/1K6/4R3 w - - 0 37,c3c4 d3d2 e1a1 d2d1q a1d1 h5d1,818,77,100,1695,advancedPawn crushing endgame long promotion,https://lichess.org/83ac5OVD#73,
XNhXR,r4r1k/pp5p/1qn2R2/1Bbp2Q1/8/2N5/PPP2PPP/R5K1 w - - 3 17,a1e1 c5f2 g1h1 f2e1,820,77,100,2719,crushing fork master middlegame short,https://lichess.org/t0WYBlie#33,Sicilian_Defense Sicilian_Defense_Closed
SIbYI,3r2k1/1p3ppp/p7/8/3bR3/1P2P3/P1r2PPP/3R2K1 b - - 1 24,d4b6 d1d8 b6d8 e4e8,824,76,100,2088,backRankMate endgame mate mateIn2 short,https://lichess.org/9h3y9xGl/black#48,
pm01o,r1b3nr/pppp2kp/2n2q1B/2b4Q/8/8/PPP3PP/RN3R1K b - - 6 14,f6h6 h5f7,825,77,100,1806,mate mateIn1 oneMove opening,https://lichess.org/YVdLivL8/black#28,Kings_Gambit_Accepted Kings_Gambit_Accepted_Double_Muzio_Gambit
e8oRD,1r6/pN3p2/5k1p/6p1/2P1p1P1/4P3/4KPP1/7R w - - 1 31,b7d6 b8b2 e2d1 b2b1 d1c2 b1h1,829,97,100,5852,advantage endgame long skewer,https://lichess.org/jIi6oaN2#61,
LnDdt,2k5/ppp4R/8/5p2/8/2P2K2/PBr1r2P/3R4 b - - 1 23,c2b2 h7h8 e2e8 h8e8,831,78,100,2525,endgame mate mateIn2 rookEndgame short,https://lichess.org/ecgq2k8L/black#46,
yqurd,6rk/pp4pp/8/4N3/3Q4/1q1P3P/1P1K4/8 b - - 2 43,b3b5 e5f7,835,93,100,2066,endgame master mate mateIn1 oneMove smotheredMate,https://lichess.org/72RwMqR3/black#86,
ahNzi,1r1qbr1k/1p1Nb3/1p3pB1/1Q5p/3P4/4P2P/PP3PP1/R3R1K1 b - - 0 24,e8d7 b5h5 h8g7 h5h7,835,77,100,2322,kingsideAttack mate mateIn2 middlegame short,https://lichess.org/W0L8nqWX/black#48,
13YPA,r4rk1/2q3p1/p3ppb1/2PpP2p/6n1/1P6/PBPN2PP/R3QRK1 w - - 0 18,e5f6 c7h2,840,77,100,2825,kingsideAttack mate mateIn1 middlegame oneMove,https://lichess.org/FXhEs2US#35,Nimzo-Larsen_Attack Nimzo-Larsen_Attack_Classical_Variation
ZMKmN,r4r2/p4p1k/2pq1P2/6Q1/8/8/PPP3PP/5RK1 b - - 0 26,f8g8 g5h5,840,79,100,2018,endgame mate mateIn1 oneMove,https://lichess.org/8mVFdDNg/black#52,
6BIFz,2r2rk1/pp1b2pp/1qnpp3/5p1n/4PP1b/P1N4P/1PP1B1PN/R1BQ1RK1 w - - 4 17,g1h1 h5g3,840,76,100,5123,mate mateIn1 middlegame oneMove,https://lichess.org/SEPCuwc3#33,Sicilian_Defense Sicilian_Defense_Smith-Morra_Gambit
bfHDL,8/7p/6p1/6Pk/8/2K5/8/2Bb4 b - - 4 49,h7h6 g5h6 g6g5 h6h7,843,78,100,2673,advancedPawn bishopEndgame crushing endgame short,https://lichess.org/dUOL08VY/black#98,
6DwUI,1rQ3k1/1p3ppp/3Npn2/8/1P6/P7/7q/1KR5 b - - 3 29,b8c8 c1c8 f6e8 c8e8,847,78,100,2040,endgame mate mateIn2 short,https://lichess.org/7Dn9OQYD/black#58,
yxGjx,r2qr1Qk/pppnb1pp/2b2n1N/8/3P4/3B4/PPPB1PPP/2KR3R b - - 6 16,e8g8 h6f7,847,88,100,1641,mate mateIn1 middlegame oneMove smotheredMate,https://lichess.org/if7XP1OL/black#32,French_Defense French_Defense_Rubinstein_Variation
t10JZ,5rk1/pp1bp2p/1q1pp1p1/8/1n2PPPP/P1r5/1PPQB3/2KR3R w - - 0 18,b2c3 b4a2,849,96,100,1880,cornerMate mate mateIn1 middlegame oneMove,https://lichess.org/ZAVHZ6Lh#35,Sicilian_Defense Sicilian_Defense_Dragon_Variation
xwVz3,7r/pp1b1k1P/2p5/3pn1p1/3N4/2PB2P1/P1P5/2K4R w - - 1 26,d4f5 e5d3 c2d3 d7f5,852,83,100,6275,crushing endgame short,https://lichess.org/UJNGLgBZ#51,
nBCVb,2rqr1k1/pp2pp2/1bbp1npB/8/4PN2/PQ1P3P/1P4P1/1R3R1K b - - 1 21,g8h7 b3f7 h7h6 f7g6,852,87,100,2428,mate mateIn2 middlegame short,https://lichess.org/2ct2Gdh7/black#42,
5XnPN,1k6/7p/6p1/1N1r2K1/5P1P/6P1/Rb6/8 w - - 1 49,g5h6 d5h5,854,78,100,13089,endgame master mate mateIn1 oneMove pillsburysMate,https://lichess.org/3rhJu8CJ#97,
ffsYi,3rn1k1/p1q1bppp/2p5/6P1/4P2P/2P5/1P2NQ2/2K2R2 b - - 2 28,c7a5 f2f7 g8h8 f7f8 e7f8 f1f8,856,80,100,3723,backRankMate fork long mate mateIn3 middlegame sacrifice,https://lichess.org/sB2VMVWf/black#56,
Nimuq,r1b2rk1/p4ppp/2p5/2bp4/5Pnq/2NB4/PPPB2PP/R2Q1R1K w - - 4 15,g2g3 h4h2,864,84,100,2080,kingsideAttack mate mateIn1 middlegame oneMove,https://lichess.org/CqoYDrfD#29,Sicilian_Defense Sicilian_Defense_Open
XRG3v,6rk/p4p1p/5R2/2P1p2P/3nP2r/8/P5PB/2R4K w - - 1 43,h1g1 d4e2 g1f1 e2c1,864,77,100,2929,crushing endgame fork master masterVsMaster short,https://lichess.org/alsJTbai#85,
VEHP7,6k1/4brp1/4p1Q1/4P1p1/1pp5/4PqBR/r4P2/5RK1 b - - 3 40,f3g4 g6h7 g8f8 h7h8,864,90,100,2056,mate mateIn2 middlegame short,https://lichess.org/ALzrjX5W/black#80,
Po1Uo,5rk1/5p1p/p5p1/1p6/3P4/P3PQ2/2RBKPPn/6q1 w - - 5 30,f3g3 g1f1,865,74,100,1700,endgame mate mateIn1 oneMove,https://lichess.org/CZDN2NfF#59,
Cal8F,8/5p2/4p1pk/8/5P2/5KP1/2rp4/3R4 b - - 1 40,h6h5 d1h1,866,76,100,7777,endgame mate mateIn1 oneMove rookEndgame,https://lichess.org/FtZ2nVui/black#80,
3KCGT,5rk1/pp1RQ3/q1p3p1/4pBP1/1P2Pn2/P1N5/6P1/6Kr w - - 7 31,g1h1 a6f1 h1h2 f1g2,869,75,100,1643,mate mateIn2 middlegame short,https://lichess.org/BraEsdjd#61,
L5OZh,r2r2k1/pp2qppp/2p1b3/2npP1N1/8/8/PPQB1PPP/R3R1K1 b - - 9 20,h7h6 c2h7 g8f8 h7h8,870,78,100,2079,kingsideAttack mate mateIn2 middlegame short,https://lichess.org/zKHSXjBb/black#40,
V7duF,2r5/pq3pk1/1p4p1/3r3p/4pQ2/1P2P3/PR3PPP/3R2K1 w - - 0 26,d1d5 c8c1 d5d1 c1d1,870,75,100,3390,backRankMate endgame mate mateIn2 short,https://lichess.org/vj8XC6Py#51,
m3o9S,4r1r1/1b6/p2kpp1p/1p1p4/1P1K1P2/2PBR3/1P4PP/4R3 w - - 8 28,g2g3 e6e5 e3e5 f6e5,870,78,100,2241,crushing endgame master short,https://lichess.org/xfNKgoiS#55,
Ca6kU,rnbq1rk1/ppppb1p1/4p1B1/7Q/3P4/4P3/PPP2PP1/RN2K1N1 b Q - 0 10,f8f6 h5h7 g8f8 h7h8,872,79,100,1734,kingsideAttack mate mateIn2 opening short,https://lichess.org/h6h8tnub/black#20,Trompowsky_Attack Trompowsky_Attack_Raptor_Variation
e4dsW,6k1/p1p3p1/1qp5/7p/4NBn1/3P2P1/PPP2r2/R2Q2K1 w - - 4 20,e4f2 b6f2 g1h1 f2h2,873,76,100,2174,endgame mate mateIn2 short,https://lichess.org/xuKSGVmi#39,
2j8oc,5r1k/2p3p1/pq5p/1p2p3/8/1BP3QP/PP4P1/3R3K w - - 2 30,d1d7 f8f1 h1h2 b6g1,876,75,100,2461,endgame mate mateIn2 short,https://lichess.org/2ciks3W7#59,
0L6uG,3r2k1/1b3ppp/p1q1p3/5P2/P1pr4/4Q3/BPP3PP/1R3RK1 w - - 1 23,f5e6 c6g2,876,77,100,2756,kingsideAttack mate mateIn1 middlegame oneMove,https://lichess.org/gJpG4ufq#45,
NINBF,8/8/8/5prp/8/5KPR/5P2/6k1 b - - 5 68,g1f1 h3h1,878,83,100,1650,endgame master mate mateIn1 oneMove rookEndgame,https://lichess.org/GBc1SOJZ/black#136,
t6JL3,8/p4pkp/5bp1/3Q4/3r2B1/5P2/6PP/6K1 w - - 5 34,d5c5 d4d1 g1f2 f6d4 f2e2 d4c5,886,77,100,1687,crushing endgame fork long,https://lichess.org/ilWMMiHY#67,
PUmRj,2r4k/2P1pQ2/p2p2p1/1p6/4q1p1/1P6/6PP/5RK1 b - - 0 34,c8c7 f7f8 h8h7 f1f7,894,77,100,2010,endgame mate mateIn2 short,https://lichess.org/fwj47Bc6/black#68,
A8cv6,3rr1k1/pp3ppp/2p2n2/2b5/5B2/PQ3PPP/1PP1N2R/R2q1K2 w - - 11 24,a1d1 d8d1 f1g2 e8e2,895,79,100,3864,mate mateIn2 middlegame short,https://lichess.org/ABIjxTiO#47,
rWyTK,r1bqk3/pp3pp1/2p5/3pPB2/3P2n1/4P3/PPPNQ1P1/R1B2RKr w q - 3 16,g1h1 d8h4 h1g1 h4h2,897,75,100,1656,kingsideAttack mate mateIn2 middlegame short,https://lichess.org/fGPuFxMX#31,Queens_Pawn_Game Queens_Pawn_Game_Other_variations
KBRdV,5B2/2p4k/bp1p4/3P1p2/2r1nN1P/4PK2/6R1/8 b - - 3 36,e4f6 g2g7 h7h8 f4g6,897,77,100,2692,endgame mate mateIn2 short,https://lichess.org/3asodNOO/black#72,
ki0Ma,r5k1/1p1n2pp/4pr2/p1bp1n2/2p2P2/BPP5/P2P2PP/RN1B1R1K w - - 3 20,b3c4 f5g3 h2g3 f6h6 d1h5 h6h5,899,83,100,1671,kingsideAttack long mate mateIn3 middlegame pillsburysMate sacrifice,https://lichess.org/0bQdAY3j#39,
cFq9b,4r3/p3Np2/6pk/6qp/1Q6/8/PPPR1P1P/2K5 w - - 1 34,c1b1 g5g1 d2d1 g1d1,900,76,100,3241,endgame mate mateIn2 short,https://lichess.org/pnJ69ILU#67,
zumVq,6k1/5r1R/2pqr1Q1/pp1p2P1/3Pp3/4b3/PPP1N3/1K5R b - - 0 30,e6g6 h7h8 g8g7 h1h7,900,77,100,2127,blindSwineMate mate mateIn2 middlegame short,https://lichess.org/z3bHJ2xl/black#60,
hVA2y,3r2k1/2p2ppp/p1Q1pq2/1p5r/3P3n/P1P3P1/1PB2P2/R4RK1 w - - 0 25,c6c7 h4f3 g1g2 h5h2,923,75,100,2577,kingsideAttack mate mateIn2 middlegame short,https://lichess.org/cXIL4aI8#49,
PsYcB,1k2N3/1b1Q4/p6p/1p1pP3/2p5/q1P5/2PB1rPP/2R4K w - - 0 26,d2e3 a3c1 e3c1 f2f1,925,78,100,3572,backRankMate mate mateIn2 middlegame sacrifice short,https://lichess.org/J6liTg11#51,
zKmVs,8/1p2B1kp/4p1p1/6P1/7P/5PK1/1r6/8 b - - 0 39,b7b5 e7f6 g7f7 f6b2,925,75,100,3245,crushing endgame fork short,https://lichess.org/ziJ5l22a/black#78,
l3oYI,3r4/1Bb5/2P3k1/p4p2/P1RB4/3p4/3P2p1/3K1rR1 w - - 2 40,g1f1 g2f1q,926,77,100,3276,advancedPawn endgame mate mateIn1 oneMove promotion,https://lichess.org/X257yuox#79,
aCRht,6k1/5p2/6r1/ppp5/4P2Q/q2r4/2RR1KB1/8 b - - 1 38,d3g3 d2d8 g8g7 h4h8,927,77,100,4331,mate mateIn2 middlegame short,https://lichess.org/vC58NoEg/black#76,
EsJrn,8/7p/r4ppP/pkr5/5RP1/R3PK2/5P2/8 b - - 1 39,g6g5 a3b3 b5c6 f4f6,928,76,100,2553,crushing endgame interference master rookEndgame short,https://lichess.org/fUBrTYYe/black#78,
hM2ch,6k1/6p1/2p4p/8/2P1b2Q/6Bq/P5rP/4RK2 b - - 9 32,g2f2 f1f2 h3g2 f2e3 g2f3 e3d4,930,77,100,2173,crushing endgame hangingPiece long master,https://lichess.org/azJbVQx3/black#64,
Lw1pX,rn3r1k/pb2qBpp/1ppb2N1/8/3P4/2N1PQ2/PPP3PP/R4RK1 b - - 2 14,h7g6 f3h3 e7h4 h3h4,930,76,100,2288,mate mateIn2 middlegame short,https://lichess.org/wJ8ifVsB/black#28,Russian_Game Russian_Game_Italian_Variation
6lW1M,6k1/4rpp1/pQp4p/P2p4/8/2P4P/1P2qPP1/R5K1 b - - 2 28,e2b5 b6d8 g8h7 d8e7,931,75,100,3172,crushing endgame fork short,https://lichess.org/NTpXR5BD/black#56,
l13Zm,1r3rk1/1Q3ppp/3b1q2/p1p5/2PpR3/1P1P1N1P/P4PP1/4R1K1 w - - 4 22,b7c6 d6h2 g1h2 f6c6,931,76,100,2636,crushing discoveredAttack middlegame short,https://lichess.org/DeYZ3RTl#43,
GsAmP,r3r3/pp1R4/5Npk/8/5p1P/5n2/PPP5/2K4R b - - 3 26,e8e6 d7h7,933,85,100,2167,endgame mate mateIn1 oneMove,https://lichess.org/rP6zfBsB/black#52,
C1VUp,5r1k/6pp/3pb2b/3Np3/4B2q/2PQ4/1P3rPP/R4RK1 w - - 0 26,g2g3 h4h2,934,76,100,10895,kingsideAttack master masterVsMaster mate mateIn1 middlegame oneMove,https://lichess.org/85LweMbH#51,
skLMr,2r3k1/1R3pp1/4p2p/8/3P1Q2/2q3P1/2r2P1P/3R1K2 b - - 3 38,c3c6 f4f7 g8h8 f7g7,934,76,100,2522,endgame mate mateIn2 short,https://lichess.org/cAiMLfSg/black#76,
y2u6r,r2q1rk1/p1p2p2/4pP1p/3p2p1/Q6B/P3P3/5PPP/R4RK1 b - - 0 18,g5h4 a4g4 g8h7 g4g7,941,76,100,2720,endgame kingsideAttack master masterVsMaster mate mateIn2 short,https://lichess.org/cxr5C9TZ/black#36,Nimzo-Indian_Defense Nimzo-Indian_Defense_Classical_Variation
0Jtd7,r6r/pp1k1Q1p/2b1p3/5p2/2p5/P3P1B1/4q2P/b4RK1 b - - 3 26,d7c8 f7c7,943,76,100,9298,mate mateIn1 middlegame oneMove,https://lichess.org/JJCTVQaM/black#52,
HC0eE,3r3k/5ppp/8/1Q1N2b1/4q3/1P6/6PP/3R3K w - - 0 39,d5c3 d8d1 c3d1 e4e1 b5f1 e1f1,946,76,100,2188,endgame fork long mate mateIn3,https://lichess.org/WPeDG1Xq#77,
D83l4,r3r1k1/pR3ppp/8/2p5/1n6/5Q2/2P2PPP/4qBK1 b - - 3 23,a8b8 f3f7 g8h8 f7g7,948,77,100,2754,mate mateIn2 middlegame short,https://lichess.org/sSzoBmvs/black#46,
wiQ5a,1rr3k1/1pq2pp1/p4n1p/3p1Q2/P1nP2N1/2PB4/1P4PP/R3R1K1 b - - 2 21,f6g4 f5h7 g8f8 h7h8,950,76,100,2222,kingsideAttack master mate mateIn2 middlegame short,https://lichess.org/z8WQbbVP/black#42,
IZckd,6rk/6pb/p1p1r3/1pPpBp2/5Pq1/1PQ1P1R1/P4KP1/8 b - - 1 44,g4h5 e5g7 g8g7 c3g7,955,77,100,2258,kingsideAttack mate mateIn2 middlegame short,https://lichess.org/IFVU3fTm/black#88,
UeqD3,6k1/1rp2p1p/1q1p2p1/3P3n/1PRbPP2/6PP/2Q3BK/4R3 w - - 3 35,e1e2 d4g1 h2h1 h5g3,956,75,100,2100,deflection master mate mateIn2 middlegame short,https://lichess.org/Nvl1QuZe#69,
kOERc,r4rk1/pR3Rp1/4p2p/4p2Q/3pP3/3q3P/P5P1/6K1 b - - 1 20,f8f7 h5f7 g8h8 f7g7,956,75,100,2134,endgame mate mateIn2 short,https://lichess.org/PNbLhqhi/black#40,
RAbk0,r1b1r1k1/ppp2ppp/2n4q/3B4/3Pn2P/4RQ2/PPP3P1/2K3NR b - - 0 15,c6d4 f3f7 g8h8 f7e8,957,81,100,2246,backRankMate fork mate mateIn2 middlegame short,https://lichess.org/jd0tHkxv/black#30,Vienna_Game Vienna_Game_Stanley_Variation
fNJG1,5rk1/5p1p/p3pPp1/1p1pb1P1/4n2Q/7P/1PR5/7K w - - 2 31,c2e2 e4g3 h1g2 g3e2,957,76,100,3361,crushing endgame fork short,https://lichess.org/yGAnwIje#61,
cPixU,3Q4/p2P3k/2P5/1pP4p/n4p2/P3qBp1/6P1/2RR1K2 w - - 1 47,d8f6 e3f2,957,76,100,2182,endgame mate mateIn1 oneMove,https://lichess.org/OGcy27TX#93,
BjlMC,r1b2k2/pp3pb1/2p5/5pQ1/1qP5/1P6/5PBN/3R2K1 b - - 2 29,c8e6 d1d8 a8d8 g5d8,958,79,100,2107,mate mateIn2 middlegame short,https://lichess.org/UoThov3c/black#58,
J6PnL,4r2r/pp3pk1/4pnN1/3p2Q1/3P4/5q2/P4PR1/4R1K1 b - - 0 29,f7g6 g5g6 g7f8 g6g7,959,75,100,2842,mate mateIn2 middlegame short,https://lichess.org/z20hcjLR/black#58,
EUldD,r4k1r/p4p1p/b1B1p1p1/4Pn2/3p1q2/3Q1N2/P4KPP/1R3R2 w - - 2 21,d3a6 f4e3,962,78,100,3014,mate mateIn1 middlegame oneMove,https://lichess.org/3EwAogUy#41,
IcBC1,2r2rk1/Q4ppp/3bq3/8/4B3/1PP2PPb/P3P2P/RN1R2K1 w - - 1 21,c3c4 d6c5 a7c5 c8c5,962,76,100,2644,crushing fork middlegame short,https://lichess.org/Nu7PAQIY#41,
3W5cS,4r3/2pk2pp/p2b4/5n2/6P1/1NP1p2P/PP2NK2/R7 w - - 0 27,f2f3 f5h4,963,76,100,2879,endgame mate mateIn1 oneMove,https://lichess.org/nfEX06v0#53,
aV8g8,2k1r3/pbpn3p/qp2p3/8/3Q4/2N5/2P2PPP/3R2K1 b - - 2 20,e8e7 d4h8 d7f8 h8f8 e7e8 f8e8,965,77,100,3420,fork long mate mateIn3 middlegame,https://lichess.org/uu1xTzA9/black#40,
idMS6,1r3rk1/5p2/p5NP/1q1p4/3pn3/1P5P/P1P3Q1/2KR3R b - - 0 28,f7g6 g2g6 g8h8 g6g7,968,75,100,2434,mate mateIn2 middlegame short,https://lichess.org/V6t0dM6K/black#56,
kZSBr,5r1k/2p5/1pP5/p2P3p/2P5/P1n2N2/6PP/5RK1 w - - 0 28,f3g5 c3e2 g1h1 f8f1,969,76,100,2176,backRankMate deflection endgame mate mateIn2 short,https://lichess.org/hzDCL2az#55,
jppWP,5rk1/1b4p1/4pp1p/2Pq4/1PNp4/2PQ4/6PP/4R1K1 w - - 1 25,d3d4 d5g2,970,75,100,2418,endgame mate mateIn1 oneMove,https://lichess.org/P3JUqIm1#49,
8AOSv,1b3rk1/6pp/p1p2p2/P1N5/1P1PQn2/2P5/3q2PN/4R1K1 w - - 10 35,e4e3 d2g2,973,77,100,8941,kingsideAttack mate mateIn1 middlegame oneMove,https://lichess.org/7yzxyprW#69,
qPIk6,R7/5p2/6k1/P2N2pp/8/6PK/r7/8 w - - 4 47,a5a6 g5g4 h3h4 a2h2,976,75,100,2246,endgame mate mateIn2 short,https://lichess.org/TWHgCbX3#93,
ZyChH,r3kb1r/pp1n1ppp/3qp3/5b2/Q1B5/2N1B3/PP3PPP/3R1RK1 b kq - 5 13,d6b4 a4d7,976,77,100,2717,mate mateIn1 middlegame oneMove,https://lichess.org/nYDdvyad/black#26,Queens_Pawn_Game Queens_Pawn_Game_Other_variations
Z4vaU,r4k1R/pbpq4/1pn1p3/4P3/3P4/2PB4/PP3P2/2K4R b - - 1 26,f8e7 h1h7,977,83,100,2500,mate mateIn1 middlegame oneMove,https://lichess.org/mkyFkYPe/black#52,
o8HpC,4k3/5r2/p5RK/1p6/1P6/8/8/8 b - - 1 67,f7a7 g6g8 e8e7 g8g7 e7d6 g7a7,978,76,100,2418,crushing endgame exposedKing long rookEndgame skewer,https://lichess.org/1xs8MBr9/black#134,
SR5Et,r3r2k/pp3ppB/2pb1p2/8/3P3n/2PQ1N1q/PP1B1P2/4RRK1 w - - 1 18,f3e5 h3g2,981,77,100,4248,mate mateIn1 middlegame oneMove,https://lichess.org/ui8ft9Eb#35,Caro-Kann_Defense Caro-Kann_Defense_Tartakower_Variation
dvvnR,2Q5/6kp/1p4p1/3q4/3Nr3/4p2P/6P1/5RK1 b - - 0 48,d5d4 c8f8,983,75,100,2135,endgame mate mateIn1 oneMove,https://lichess.org/cUPGpUmB/black#96,
cIA8r,r1b1k1r1/1p1q1Bbp/p2p1Qp1/B7/2P5/6P1/PP2PP1P/3RR1K1 b q - 0 18,d7f7 f6d8,983,75,100,2448,mate mateIn1 middlegame oneMove,https://lichess.org/J3GKNvUy/black#36,English_Opening English_Opening_Symmetrical_Variation
dDjhT,5rk1/1Q6/2p3Bp/3r4/8/2b4P/6P1/1R3q1K w - - 2 33,b1f1 f8f1 h1h2 c3e5 g2g3 d5d2,983,77,100,3420,endgame long mate mateIn3,https://lichess.org/U2H6I1wD#65,
W5xUh,1r4k1/2p5/1p2pq2/3p4/1P1Pn1P1/P1PQ1N1P/6K1/R3R3 w - - 0 34,f3e5 f6f2 g2h1 e4g3 d3g3 f2g3,985,76,100,2484,advantage long middlegame,https://lichess.org/nUI23tHP#67,
ZT0XL,6k1/1ppq3p/p1n3p1/4p3/1Pb1B2B/2P1PQ1P/3r1PPK/4R3 b - - 15 31,c4d3 e4d5 d7d5 f3d5,986,76,100,4385,crushing kingsideAttack middlegame short,https://lichess.org/cxM3qDsE/black#62,
EMPIc,3r1r2/p3qp1k/n1p1p1pP/1p2P2P/2pP4/3b1N2/PP1QNR2/R5K1 b - - 0 22,f8g8 f3g5 e7g5 d2g5,986,78,100,10917,crushing middlegame short,https://lichess.org/B4RZKNCR/black#44,
CSBhQ,r1q2k1r/1b2Rp2/1p2p3/1pp1Pp1N/8/2P5/PP3PPP/3QK2R b K - 0 20,f8e7 d1d6 e7e8 h5f6,988,75,100,2172,mate mateIn2 middlegame short,https://lichess.org/nn9x3PuP/black#40,
LZaaX,2Q5/3RNkpp/p4p2/6r1/5q1K/1N6/PP4PP/2R5 w - - 12 32,h4h3 f4g4,991,76,100,2139,mate mateIn1 middlegame oneMove,https://lichess.org/ez2g10lC#63,
YLsmM,2R1b2k/6b1/p3q2p/6p1/8/6BP/1PQ3PK/8 w - - 16 45,c2c6 e6c6 c8c6 e8c6,992,75,100,4805,advantage endgame master short,https://lichess.org/jPIDTwgE#89,
OZ9hr,r4rk1/p4ppp/1p1b1q2/8/3P4/1Q1B1P2/PP3P1P/R3R1K1 b - - 0 17,f6f3 d3h7 g8h7 b3f3,994,75,100,2498,crushing discoveredAttack middlegame short,https://lichess.org/v9ceQ3WM/black#34,Semi-Slav_Defense Semi-Slav_Defense_Normal_Variation
pRdjT,6k1/pp4rp/2p1P2Q/3p4/4qr2/8/PP2N1P1/4R1K1 w - - 0 32,h6f4 e4g2,995,77,100,15422,endgame master mate mateIn1 oneMove,https://lichess.org/br2pLmss#63,
HkI6r,r4rk1/1ppb1pp1/p2b2qp/3NN3/B2n4/P2P3P/1PPQ1PP1/R3K1R1 b Q - 0 15,d6e5 d5e7 g8h7 e7g6 f7g6 a4d7,1003,76,100,2312,crushing fork long middlegame,https://lichess.org/ecb7gaQy/black#30,Kings_Knight_Opening Kings_Knight_Opening_Normal_Variation
MFMDv,r5k1/pR3ppp/8/P3q3/8/6PP/5Q1K/8 b - - 0 31,e5a5 f2f7 g8h8 f7g7,1009,77,100,2972,endgame mate mateIn2 short,https://lichess.org/IgaagDQd/black#62,
4pI19,8/1p6/p2p4/3Pn3/P1p2k1r/6NP/1P4K1/7R b - - 3 39,f4e3 g3f5 e3e4 f5h4,1014,76,100,8555,advantage endgame fork short,https://lichess.org/NWDtdlRA/black#78,
FOdM8,6N1/8/5R2/kp1pp3/2b3P1/P1P2K2/2P3P1/7r w - - 1 55,g8e7 h1f1 f3g3 f1f6,1022,79,100,3086,crushing endgame short skewer,https://lichess.org/qXrovIc9#109,
jRJZj,r2qr1k1/pp3ppp/3b1p2/1Q6/3P4/2P2N2/P4PPP/R3R1K1 b - - 0 17,d8c7 e1e8 a8e8 b5e8,1024,80,100,2249,crushing kingsideAttack middlegame short,https://lichess.org/vYiM5UgX/black#34,Caro-Kann_Defense Caro-Kann_Defense_Tartakower_Variation
FaKFb,r5k1/pp5p/2p3p1/3P4/1q2P3/6P1/PbQ1b1BP/1R4K1 w - - 0 24,c2e2 b2d4 g1h1 b4b1,1027,76,100,9631,crushing discoveredAttack endgame short,https://lichess.org/aQ268hDn#47,
nIhxl,3q1r1k/6bp/p2p1p2/1p1BR3/3p1NP1/3P3P/Pr6/R3Q1K1 b - - 0 26,d6e5 f4g6 h7g6 e1h4 g7h6 h4h6,1030,76,100,2268,kingsideAttack long mate mateIn3 middlegame sacrifice,https://lichess.org/zl9Ru9AP/black#52,
AA15N,3rkb1Q/p1p4p/6p1/1p6/2Bn4/2K4b/PPPP1PnP/RNB4R w - - 0 15,c4b3 d4e2,1040,76,100,2406,mate mateIn1 middlegame oneMove,https://lichess.org/pdxLUzuA#29,Italian_Game Italian_Game_Two_Knights_Defense
FN92n,3r2rk/6pp/n2P1p2/p1q1R3/6QN/8/P4PPP/4R1K1 b - - 1 32,f6e5 h4g6 h7g6 g4h3,1041,76,100,2818,mate mateIn2 middlegame sacrifice short,https://lichess.org/0OFmic3O/black#64,
sm7EE,r2qkbnr/2pb3p/p2p1pN1/1p3P1Q/4P3/1nN5/PPPP2PP/R1B1K2R b KQkq - 0 11,h7g6 h5g6 e8e7 c3d5,1041,76,100,9552,mate mateIn2 middlegame short,https://lichess.org/Gul8tdLO/black#22,Kings_Gambit Kings_Gambit_Other_variations
tu2Xa,2kr4/ppp3R1/2n5/4pp1b/8/2BPQN2/qPP2P2/2K5 w - - 0 23,f3e5 a2a1 c1d2 a1d1,1042,75,100,2341,master mate mateIn2 middlegame queensideAttack short,https://lichess.org/SGpgvp4P#45,
J3m7U,5r2/QR2n3/3b2pk/3p4/3Ppq1p/4N2P/4RPP1/6K1 w - - 9 36,b7e7 f4h2 g1f1 h2h1,1042,76,100,2439,mate mateIn2 middlegame short,https://lichess.org/xBlYld7j#71,
WyhVz,r2q2k1/pp3p1p/5npb/3p2N1/3P1Q1P/1PP5/1P4K1/RNB1r3 b - - 2 21,f6e4 f4f7 g8h8 f7h7,1042,78,100,2947,kingsideAttack mate mateIn2 middlegame short,https://lichess.org/on72CSBD/black#42,
q1R78,2r5/1p5p/4pQ1k/p2pP1Np/1b4P1/3q3P/5P2/1R4K1 b - - 2 35,d3g6 g5f7,1043,78,100,3020,endgame master mate mateIn1 oneMove pin,https://lichess.org/paFz17Db/black#70,
7CgP1,8/3PQpkp/1p3rp1/8/8/1P5P/6PK/3r4 b - - 0 36,f6e6 d7d8q d1d8 e7d8,1048,79,100,2305,advancedPawn advantage endgame promotion short,https://lichess.org/2tY39vEx/black#72,
GBPY5,8/8/2p2kp1/5b2/4pK2/1P6/P4b2/2B4R w - - 6 46,a2a4 g6g5,1050,76,100,3260,endgame mate mateIn1 oneMove,https://lichess.org/tDsaPiIs#91,
fbcvs,6k1/4p1b1/p2p3B/4q3/6Q1/2P2P2/1r5P/1K4R1 w - - 0 30,b1b2 e5c3 b2a2 c3b2,1051,76,100,2410,endgame mate mateIn2 short,https://lichess.org/dx2valcE#59,
4YIsF,7k/2r4p/R1pb2p1/1p1pp1N1/1P6/1BnP4/5PPP/5K2 b - - 3 33,d6b4 a6a8 h8g7 g5e6 g7f6 e6c7,1052,77,100,2327,crushing endgame fork long,https://lichess.org/bneJAvc7/black#66,
9Kjbj,5k2/5q2/7p/4QB2/p2P3P/2P5/r4PP1/6K1 w - - 4 36,f5e6 f7f2 g1h2 f2g2,1054,75,100,5111,endgame mate mateIn2 short,https://lichess.org/aoHtW8m7#71,
Vp5QU,6k1/p4p1p/1p6/2p2Np1/P1PqP3/5nPP/3r1nBK/1Q3R2 w - - 2 31,g2f3 f2g4 h2h1 d2h2,1055,78,100,2684,discoveredCheck doubleCheck mate mateIn2 middlegame short,https://lichess.org/so36wMRV#61,
yyS1X,2r1r3/pp4pk/3q3p/3pNQp1/3Pn3/2P4P/PP4P1/4R1K1 b - - 9 32,g7g6 f5f7 h7h8 e5g6 d6g6 f7g6,1057,77,100,4972,advantage deflection long middlegame,https://lichess.org/Y25wmglb/black#64,
LoLQ4,1r3k2/R2n2p1/2p2p1p/p1B1pP2/P1Q1P1PP/5q2/7K/8 b - - 4 37,d7c5 c4f7,1058,80,100,2430,endgame mate mateIn1 oneMove,https://lichess.org/91nOsEOl/black#74,
1w88B,1r6/7P/4R3/5pk1/2P5/r4K1P/5P2/5R2 w - - 3 42,f3e2 b8b2 e2d1 a3a1,1058,76,100,3308,endgame mate mateIn2 rookEndgame short,https://lichess.org/qnqkklhd#83,
hUAUF,r5k1/pp3ppp/4b3/4P3/1r3P2/3B1NPq/nPP1Q2P/1K1R3R w - - 2 21,f3g5 a2c3 b1c1 c3e2,1061,76,100,5121,crushing middlegame pin queensideAttack short,https://lichess.org/OHboS0Py#41,
GuRp8,b7/3N2p1/2p4p/Pp1kp3/6P1/4K3/2P4P/8 b - - 4 41,c6c5 d7b6 d5c6 b6a8 c6b7 a8b6,1064,77,100,8490,crushing defensiveMove endgame fork long,https://lichess.org/6EKmFEwu/black#82,
y16z9,8/p4ppk/1p2p2p/4nq2/P7/1P1r3P/2Q2PP1/R4R1K w - - 9 30,a1d1 d3h3 g2h3 f5c2,1066,78,100,7546,crushing discoveredAttack endgame short,https://lichess.org/S97yqGQR#59,
4FW2g,8/2p5/6Rp/7P/1P2k3/5pP1/1r6/5K2 b - - 1 54,b2b4 g6g4 e4d5 g4b4,1068,76,100,2384,crushing endgame master rookEndgame short skewer,https://lichess.org/jagNSg2V/black#108,
2EBqD,8/8/P7/7p/6p1/6P1/5k2/7K w - - 1 57,h1h2 h5h4 g3h4 g4g3 h2h3 g3g2,1068,76,100,3487,advancedPawn crushing endgame long pawnEndgame,https://lichess.org/i8GO9TQH#113,
Arg9M,6k1/1pq2pp1/2p3rp/5N2/p2PQ3/Prn5/1P3PPP/K2RR3 w - - 0 29,b2c3 b3a3 a1b1 c7b6,1070,77,100,15498,crushing middlegame short,https://lichess.org/zpWgfuld#57,
7lFqZ,8/4Rp1k/7b/2pPp3/2P1P3/5P1b/1PB2Q2/2qNK1r1 w - - 1 34,f2g1 c1d2,1071,75,100,15777,master mate mateIn1 middlegame oneMove,https://lichess.org/bpjUCyKu#67,
lcHsH,5R2/2q2prk/4b1p1/7p/3Q4/5BPP/5P1K/8 b - - 0 53,h5h4 d4h4,1071,77,100,5280,endgame master mate mateIn1 oneMove,https://lichess.org/crCigq7E/black#106,
4ATNH,5k1r/pp3r2/6Qp/3PP2R/3P4/3BK3/1q3PP1/7R w - - 5 32,e5e6 b2f2 e3e4 f2f4,1071,76,100,2751,mate mateIn2 middlegame short,https://lichess.org/Rb7zKP9I#63,
1yOk1,r1bqk2r/pp1n1ppp/4p3/2Pp4/1b2n3/1PNQPN2/PBP2PPP/R3KB1R b KQkq - 0 8,d7c5 d3b5 c8d7 b5b4,1073,75,100,2307,advantage fork opening short,https://lichess.org/Yj6vH6qM/black#16,Queens_Pawn_Game Queens_Pawn_Game_Symmetrical_Variation
w5wkb,8/8/1p6/4K1k1/pPR3P1/2P4P/r7/8 w - - 1 42,c4f4 a2e2 f4e4 e2e4 e5e4 a4a3,1074,77,100,2880,crushing endgame long rookEndgame,https://lichess.org/17hmHX32#83,
6A0WF,r4rk1/1p1b4/p2p1bnQ/1q1Pp3/4P3/5NP1/PP1N1PP1/2K4R b - - 0 22,d7e8 h6h7,1075,80,100,4236,mate mateIn1 middlegame oneMove,https://lichess.org/PRPwK9vL/black#44,
6GBpS,2r3k1/1p1b3p/2n1p1p1/pBPpP3/Q5pq/P1RR1rN1/1P3P1P/6K1 b - - 0 25,c8f8 d3f3 f8f3 c3f3,1077,76,100,12555,advantage middlegame short,https://lichess.org/PhGbzgVq/black#50,
TzcQD,rn1r2k1/p1b3Bp/2p3pP/2pRp3/1PB5/P5q1/5Q2/4KR2 b - - 4 32,g3f2 f1f2 c6d5 c4d5 d8d5 f2f8,1078,76,100,2719,long mate mateIn3 middlegame operaMate,https://lichess.org/g0hMMRzo/black#64,
fPN4w,4r3/2pk3p/2pp1p2/5N2/1q6/3Q3P/2PK1PP1/3R4 w - - 2 29,c2c3 b4b2 d3c2 e8e2 d2e2 b2c2,1081,77,100,2252,attraction crushing deflection endgame long,https://lichess.org/p1tz5Y4r#57,
8HVrf,r1bQ1b1r/pp1n1kp1/2p2np1/4p3/8/8/PPP2PPP/RNB2RK1 w - - 0 10,f2f4 f8c5 g1h1 h8d8,1083,79,100,2869,crushing discoveredAttack opening short,https://lichess.org/Oto3pX53#19,Caro-Kann_Defense Caro-Kann_Defense_Endgame_Offer
BnWdm,2r2rk1/5p2/4p1Rb/4P2p/1p1P3q/1Pp1P3/2Q3PP/1B3RK1 b - - 0 31,f7g6 c2g6 h6g7 g6h7,1085,76,100,2222,fork mate mateIn2 middlegame short,https://lichess.org/SmAhwhJ5/black#62,
ggTkk,r4rk1/p3bppp/1p2p3/3p3P/3N2P1/1P2P3/P1P1QP2/q1KR3R w - - 1 18,c1d2 e7b4 c2c3 a1c3,1086,76,100,2975,mate mateIn2 middlegame short,https://lichess.org/dGT1YNBN#35,Nimzo-Larsen_Attack Nimzo-Larsen_Attack_Other_variations
62iQf,r4rk1/pp2ppBp/2p3p1/8/N1P3n1/1P2PKP1/P4P1q/R2Q1R2 b - - 1 16,g8g7 d1d4 e7e5 d4g4,1087,78,100,13893,advantage fork middlegame short,https://lichess.org/BNSZVrEA/black#32,English_Opening English_Opening_Symmetrical_Variation
iVkpQ,7n/p2b2pk/1p2p2B/3pP2P/3P4/2p2Q1K/2q1B1P1/8 b - - 0 31,g7h6 e2d3 c2d3 f3d3,1088,75,100,2240,advantage endgame fork short,https://lichess.org/khPR2EPN/black#62,
ZQM21,2r2rk1/pp1nb1pp/6p1/3pP1P1/3P2p1/5N2/PP6/RNB2R1K w - - 0 21,f3h2 f8f1 h2f1 c8c1,1090,78,100,2253,crushing middlegame pin short,https://lichess.org/XIjtOIdJ#41,
yZd65,4r1k1/8/6Rp/5np1/1P1B4/7P/6K1/8 b - - 4 51,g8f7 g6f6 f7g8 f6f5,1093,77,100,5805,advantage endgame fork short,https://lichess.org/4l634fzx/black#102,
ZhaZV,4r1k1/5pBp/p5r1/1pN5/1Pn1p3/P1Q1P2q/2R5/5R1K w - - 8 33,c2h2 h3f1,1093,77,100,3361,hangingPiece mate mateIn1 middlegame oneMove,https://lichess.org/BlbodIlu#65,
WJrnr,5rk1/rpp3p1/2n5/4p3/1p1p3p/1P1P1q1P/1KP1QP1R/4RB2 b - - 3 23,f8a8 e2f3 a7a2 b2c1 a2a1 c1d2,1094,76,100,2696,crushing hangingPiece long middlegame,https://lichess.org/kwujKfAM/black#46,
9XWAR,8/8/7p/8/3PQ3/2P2N2/P4k1K/5q2 w - - 1 53,f3g1 f1g1 h2h3 g1g3,1094,84,100,6035,endgame mate mateIn2 short,https://lichess.org/LJMQQg6b#105,
xpswj,r3k1nr/1b3pp1/p3p2p/1pN1P3/3Q1P1B/1B4P1/PPPK3P/q7 b kq - 0 18,b7c8 d4d8,1096,76,100,3782,mate mateIn1 middlegame oneMove,https://lichess.org/mVBQtqdv/black#36,Sicilian_Defense Sicilian_Defense_Open
QlhHO,2kr3r/1ppb1ppp/p1p5/2qnPN2/5P2/2P1B3/P1PQ2PP/1R3RK1 b - - 6 15,c5c3 f5e7 d5e7 d2c3,1098,75,100,14204,crushing deflection middlegame short,https://lichess.org/5Ddra9va/black#30,Ruy_Lopez Ruy_Lopez_Exchange_Variation
nr4gN,1r1q1knr/2b2ppp/N1Q5/4p3/2P5/3bP3/PP1P1P1P/R1B1R1K1 w - - 2 18,c6c7 d8g5 g1h1 d3e4 f2f3 e4f3,1101,76,100,5086,kingsideAttack long mate mateIn3 middlegame,https://lichess.org/4eg4PpWT#35,Grob_Opening Grob_Opening_Grob_Gambit
pzHSZ,3r1b2/p5kp/2pNqp2/P1P1p1p1/1P6/3Q2P1/7P/3R3K b - - 0 31,h7h6 d6f5 e6f5 d3f5 d8d1 h1g2,1101,76,100,15020,endgame,https://lichess.org/Wl9zSM6n/black#62,
6XKai,5b1k/pR4Qp/8/2p2p2/8/5P2/P1qr1P1P/4R1K1 b - - 0 29,f8g7 e1e8 g7f8 e8f8,1104,76,100,12662,endgame mate mateIn2 short,https://lichess.org/dOMXXYpd/black#58,
Rly0R,5rk1/ppp3b1/3p2p1/3Pp3/3n4/2PP3Q/PP1q1r2/1K1R2NR w - - 1 20,d1d2 f2f1 h3f1 f8f1 d2d1 f1d1,1105,76,100,2869,long mate mateIn3 middlegame queensideAttack,https://lichess.org/yOT1UF39#39,
J0meT,r4k1r/pb2nppp/5n2/4q3/2B5/2NQP3/PPP3PP/3R1RK1 b - - 4 15,h7h5 d3d8 a8d8 d1d8 f6e8 f1f7,1107,75,100,2834,crushing long middlegame sacrifice,https://lichess.org/yhYtfjC6/black#30,Scandinavian_Defense Scandinavian_Defense_Kloosterboer_Gambit
tcYdI,2b4k/6pp/2Q5/6P1/3N4/1P3PP1/1P1q2K1/8 w - - 5 35,g2f1 c8h3 f1g1 d2g2,1116,77,100,3553,endgame mate mateIn2 short,https://lichess.org/4J4Q8QaF#69,
dprpb,8/6p1/5p2/1R2nk2/7P/r3BPK1/8/8 w - - 28 61,f3f4 a3e3 g3g2 f5f4,1120,78,100,3477,crushing deflection endgame hangingPiece master masterVsMaster short,https://lichess.org/FNPXFMhQ#121,
BCrvj,r3r3/p1p4k/1p1p3p/3P1p2/2P1p3/6q1/PP2QN2/R3R2K w - - 0 28,e1g1 g3h4 f2h3 h4h3,1121,76,100,13071,crushing kingsideAttack master middlegame short,https://lichess.org/1nIzlet3#55,
Qn0kn,Q4b1r/p1pkpppp/8/8/2P1n3/8/PP1NqPPP/R1Br1RK1 w - - 5 14,a8e4 d1f1 d2f1 e2e4,1124,76,100,2883,advantage kingsideAttack middlegame short,https://lichess.org/GXEfJK9u#27,Scandinavian_Defense Scandinavian_Defense_Portuguese_Gambit
MAN9U,Q7/7k/4r1qp/3p2p1/4nP2/3Bb2P/6PB/4R2K w - - 8 46,a8d5 e4f2 h1g1 f2d3,1125,77,100,6891,advantage discoveredAttack discoveredCheck master middlegame short,https://lichess.org/e8lnnxlx#91,
GWOim,1r5k/2Q3p1/3p1r2/1P2p2p/4Pq2/5PR1/6PP/2R3K1 b - - 0 31,b8b5 c7g7,1127,77,100,2880,endgame mate mateIn1 oneMove,https://lichess.org/IpLJiYOz/black#62,
rrWeh,2r5/pp1q1p1k/5Bp1/1b1pP1Q1/3P1p1P/1P5R/P1r2P2/R5K1 w - - 0 27,h3h2 c2c1 a1c1 c8c1 g1g2 b5f1,1128,76,100,5915,crushing long middlegame,https://lichess.org/PbeF9Oxc#53,
NxFSi,1n3rk1/4p1bp/2p3p1/1pP2bN1/1p1p1q2/1Q3B2/rB4PP/2R1R1K1 b - - 3 21,g8h8 g5f7 f8f7 b3f7,1128,77,100,10303,crushing kingsideAttack middlegame short,https://lichess.org/fFQoJ7ct/black#42,
BSCYk,4r3/5pk1/6p1/p1p4q/Pb1P4/3QPN2/5PKP/3R4 w - - 0 35,d4c5 h5g4 g2f1 g4f3,1128,77,100,3320,advantage deflection endgame master masterVsMaster short,https://lichess.org/zZmfd1HL#69,
t7SU9,8/8/6Kp/8/5k1P/8/8/8 b - - 0 42,f4g4 h4h5 g4f4 g6h6 f4f5 h6g7,1129,78,100,3406,crushing endgame long pawnEndgame quietMove,https://lichess.org/uuoJHPWD/black#84,
XwD3t,rnb1k2r/ppp3p1/4q2p/4Qp2/7B/2P1bN2/P1P3PP/RK3B1R w kq - 1 15,e5g7 e6b6 f1b5 b6b5,1129,75,100,6643,mate mateIn2 middlegame short,https://lichess.org/iiJoELo2#29,Petrovs_Defense Petrovs_Defense_Modern_Attack
3Bml7,5r1k/p2n2p1/2bR1r2/2P2q2/4pnNp/1BQ1B2P/6P1/3R2K1 w - - 0 32,g4f6 f4e2 g1h1 e2c3,1131,75,100,14752,middlegame,https://lichess.org/z75s5dzM#63,
3IJBP,r4r2/5ppk/p1nqp3/1p1b2N1/3P4/P7/1P3PPP/2RQ1RK1 b - - 1 18,h7g8 d1h5 d5e4 g5e4,1134,76,100,2820,advantage middlegame short,https://lichess.org/fF3sfivQ/black#36,Sicilian_Defense Sicilian_Defense_Alapin_Variation
DTzy7,1kr4r/2q2pp1/n3pb1p/N2b4/5P2/1N6/PP2Q1PP/1K1RR3 w - - 0 23,e2a6 c7c2 b1a1 c2b2,1135,75,100,2978,mate mateIn2 middlegame queensideAttack short,https://lichess.org/U7ngOVkU#45,
WPUyb,2r5/1p3pkp/6p1/Pp1n4/1P1P4/7P/3RBPP1/5K2 w - - 6 32,e2b5 c8c1 f1e2 d5c3 e2d3 c3b5,1138,76,100,4331,advantage endgame fork long master,https://lichess.org/uT6yBV9r#63,
x6js3,1k1q2n1/pp6/2B1b3/8/1Q1P4/1P6/P3P2r/3K1R2 b - - 2 23,b7b6 f1f8 d8f8 b4f8,1139,75,100,3328,crushing middlegame pin short,https://lichess.org/RTMVMSj4/black#46,
IbgqS,1r5k/p4Qp1/2p4p/8/5N2/2P4P/P1Pq2P1/1K3R2 w - - 1 29,b1a1 d2c3,1141,75,100,5680,endgame mate mateIn1 oneMove,https://lichess.org/hbLDZPlp#57,
e2VaV,rnbqr2k/pp5p/2p3p1/4p3/2BP4/2P2Q2/P1P2PPP/R3R1K1 b - - 0 15,e5d4 e1e8 d8e8 f3f6,1144,76,100,3375,kingsideAttack mate mateIn2 middlegame short,https://lichess.org/GmCN1KzX/black#30,Petrovs_Defense Petrovs_Defense_Three_Knights_Game
eBUiM,3r2k1/5p2/p2P1qpb/7p/1P6/P2Q3P/5PP1/4R1K1 b - - 0 40,f6d6 e1e8 d8e8 d3d6,1146,75,100,6078,advantage deflection endgame short,https://lichess.org/6cIcGPG5/black#80,
mbsP3,5k2/6pp/1R3p2/P7/6PK/5r1P/8/8 w - - 1 40,a5a6 g7g5 h4h5 f3h3,1149,75,100,2886,deflection endgame mate mateIn2 rookEndgame short,https://lichess.org/kVgSync3#79,
D5B7X,2q3k1/5ppp/4b3/8/2r5/3Q1N1P/1P3PP1/R5K1 w - - 5 27,f3g5 c4c1 a1c1 c8c1 g1h2 c1g5,1150,75,100,6400,advantage endgame fork long,https://lichess.org/179uN0W9#53,
WUQiU,8/4Qpk1/2p3p1/3pP3/P1bP4/6P1/5qBK/8 b - - 1 47,c4f1 e7f6 f2f6 e5f6 g7f6 g2f1,1152,78,100,13844,crushing endgame long,https://lichess.org/XJHDlQEX/black#94,
kwa8L,8/R1Q2pk1/5npp/8/2P5/4PB1P/1r1r1PP1/5qK1 w - - 0 30,g1f1 b2b1 f3d1 b1d1,1161,77,100,2836,endgame mate mateIn2 short,https://lichess.org/qc3esoCe#59,
B3eh1,2r5/q4kpp/P1Prpp2/8/8/2Q2PP1/7P/R1R4K w - - 1 37,c3c5 d6d1 c1d1 a7c5,1162,77,100,3075,advantage deflection endgame short,https://lichess.org/M8XQsTLI#73,
bxr52,6k1/p4p2/1p3P1b/2p1P1p1/2P5/2B2QKp/PPq4P/8 w - - 3 39,f3h5 c2g2,1165,77,100,3381,endgame master mate mateIn1 oneMove,https://lichess.org/UE33Ohlt#77,
LsBga,6R1/7K/5P2/p5r1/5kp1/8/8/8 b - - 9 48,g5g8 h7g8 g4g3 f6f7 g3g2 f7f8q,1167,76,100,15950,advancedPawn crushing endgame long promotion,https://lichess.org/jCiGyeeK/black#96,
o5y2y,8/p3kp2/5p2/4r3/P1Q3P1/4PR1p/2Pq1K1P/8 w - - 4 37,f2g3 d2g2 g3h4 g2f3,1168,75,100,3128,crushing deflection endgame master short,https://lichess.org/IroRKwGa#73,
8PHlY,8/5ppk/6bp/3Pq3/4N1P1/1P2KQ2/P7/8 b - - 0 49,e5d5 e4f6 g7f6 f3d5,1171,76,100,3557,crushing discoveredAttack endgame short,https://lichess.org/WtJYJ2RA/black#98,
2juGP,r4r1k/1p3ppp/2pR4/p3P1N1/5qPQ/P2P4/1PK5/8 b - - 1 27,h7h6 d6h6 g7h6 h4h6 h8g8 h6h7,1172,75,100,2906,endgame long mate mateIn3 sacrifice,https://lichess.org/gAWaKR7B/black#54,
p2eAy,8/2p4p/3kb1p1/p4p2/P1P1p3/1B6/1rP2PPP/R4K2 w - - 1 24,f1e2 e6c4 b3c4 b2c2,1173,75,100,15509,advantage deflection endgame master short,https://lichess.org/bjYkfzyg#47,
NgP7a,8/8/1b5p/1B1k2r1/1p1p4/P7/6P1/3R3K w - - 0 40,a3b4 g5h5 h1g1 d4d3 g1f1 h5h1,1177,76,100,2907,discoveredAttack discoveredCheck endgame long mate mateIn3 pillsburysMate,https://lichess.org/FiF9wqbA#79,
4msEV,4r1k1/ppp4p/6p1/3q4/3B4/3R2P1/2P2QKP/8 w - - 0 29,g2h3 d5h5 h3g2 e8e2 d3f3 e2f2,1177,75,100,3500,advantage endgame long pin,https://lichess.org/maTJlohY#57,
RJhuX,r1bq1r1k/4b2p/p3p1R1/3pPp1N/2pP4/2P1P2Q/3B2PP/1R4K1 b - - 0 25,h7g6 h5f6 h8g7 h3h7,1178,75,100,3619,discoveredAttack discoveredCheck kingsideAttack mate mateIn2 middlegame short,https://lichess.org/vevS1EFq/black#50,
66Ytu,2k4r/pp1r2p1/3b2p1/2pP1p2/2P5/PQ3BqP/8/1R2RK2 b - - 1 27,h8h3 e1e8 d7d8 b3b7,1179,75,100,3094,deflection mate mateIn2 middlegame queensideAttack short,https://lichess.org/4bRANYbL/black#54,
7aqCB,2r3r1/ppp1k2N/4bp1n/5P2/2p3P1/2P5/P6P/2KRR3 b - - 0 21,h6g4 e1e6 e7f7 d1d7,1183,75,100,4236,master mate mateIn2 middlegame short,https://lichess.org/lNrteWTj/black#42,
RNV8z,8/8/6k1/5p1p/5K2/5PP1/8/8 w - - 1 59,f4e5 g6g5 f3f4 g5g4 e5f6 g4g3,1183,76,100,7835,crushing defensiveMove endgame long pawnEndgame zugzwang,https://lichess.org/IfgBYmEb#117,
ksvow,5R2/8/6k1/p7/1r3p2/6KP/8/8 w - - 0 52,f8f4 b4f4 g3f4 a5a4 f4e5 a4a3 e5d4 a3a2,1186,76,100,2834,advancedPawn crushing endgame quietMove rookEndgame veryLong,https://lichess.org/B7oagqZd#103,
nMSJy,7k/1p4p1/p3qpQp/4p3/5r2/P5NP/1P4PK/8 b - - 14 35,e5e4 g3h5 e6e7 h5f4,1188,78,100,3096,advantage endgame short,https://lichess.org/HnGV5alM/black#70,
dIrOl,8/2R5/6p1/1P6/p4P2/Pkp3P1/7r/2K5 w - - 0 48,b5b6 h2h1,1191,75,100,4115,endgame mate mateIn1 oneMove rookEndgame,https://lichess.org/GUi5FbQK#95,
6RSlY,8/2p5/3p4/3k4/3n3P/4B3/5K2/8 w - - 0 55,e3d4 d5d4 h4h5 d4e5 h5h6 e5f6 h6h7 f6g7,1191,77,100,3435,crushing endgame veryLong,https://lichess.org/T7GKeuq3#109,
Dq6yV,8/8/5pp1/7p/3kPK1P/6P1/8/8 b - - 6 50,d4d3 e4e5 f6e5 f4e5 g6g5 h4g5,1192,77,100,3829,crushing endgame long pawnEndgame,https://lichess.org/YOSF2fn8/black#100,
aPprZ,4r3/6pk/3Rn1p1/p1PQ1p2/P4P1P/6P1/4r1K1/8 w - - 1 33,g2h3 e6f4 g3f4 e8e3 d5f3 e3f3,1197,75,100,3633,clearance endgame long mate mateIn3 sacrifice,https://lichess.org/uvvZOvd3#65,
Wjft4,b4r1k/5pp1/p3p1Np/1pQ5/1Pp1q3/7P/6RK/8 b - - 3 41,h8g8 c5f8 g8h7 f8h8,1199,75,100,9459,endgame mate mateIn2 short,https://lichess.org/U82MQcju/black#82,
XwzBi,K7/P7/2k5/2p5/6rp/8/R5P1/8 w - - 1 41,a8b8 g4g8,1200,77,100,3847,endgame mate mateIn1 oneMove rookEndgame,https://lichess.org/xnuRaL55#81,
PEL6Y,8/4Q1p1/5nk1/5q2/4p3/8/PBP2Ppr/R2QR1K1 w - - 0 24,b2f6 h2h1 g1g2 f5h3,1200,76,100,2833,mate mateIn2 middlegame short triangleMate,https://lichess.org/TRxSjlHd#47,
VZcBJ,r1bq1rk1/2p1bpp1/p3p2p/1p2B3/2pPP1Q1/2R3P1/PP3PBP/5RK1 b - - 1 14,e7f6 e5f6 d8f6 e4e5 f6e7 g2a8,1201,75,100,3356,advantage discoveredAttack long middlegame pin,https://lichess.org/kjwmSUxz/black#28,English_Opening English_Opening_Anglo-Indian_Defense
ABxQE,5rk1/5ppp/1p1r3q/4p3/p7/P3b1P1/1PQ3PN/N1R2R1K w - - 4 26,c1e1 h6h2 h1h2 d6h6,1203,76,100,5517,attraction kingsideAttack mate mateIn2 middlegame sacrifice short,https://lichess.org/mGPDjQoJ#51,
hCLVk,1r3k1r/p1pQ1ppp/3n4/2qB4/1bP2B2/8/P4PPP/4RK1R b - - 14 20,b4e1 f4d6 c7d6 d7f7,1204,75,100,3303,mate mateIn2 middlegame short,https://lichess.org/FIqTGzI6/black#40,
Ynj1n,4r1k1/1b3pbp/p1qpr1p1/1p2n3/8/PPNR1N2/2PB1PPP/1R1Q2K1 w - - 1 24,f3e5 c6g2,1206,75,100,3768,kingsideAttack mate mateIn1 middlegame oneMove,https://lichess.org/CdFTWP0c#47,
SX6Fx,3rk2r/pRp2p1p/2n3pb/8/8/B1p2NQ1/P1P2PPP/1K2q3 w k - 0 18,f3e1 d8d1 a3c1 d1c1,1221,76,100,4867,fork mate mateIn2 middlegame operaMate short,https://lichess.org/1BDWLlHX#35,Scandinavian_Defense Scandinavian_Defense_Modern_Variation
c3eNM,8/p6k/1b2pp1p/1N6/Q4PK1/1P1R2P1/P4r1P/8 w - - 0 36,g4h5 f2h2 h5g4 f6f5 g4f3 h2f2,1222,74,100,3721,endgame long mate mateIn3 operaMate,https://lichess.org/Kf1gsdP0#71,
NxeFl,r1bq1rk1/4ppbp/p2p1np1/1p4N1/2BPN2Q/4P3/PPP3PP/R3K2R b KQ - 1 14,b5c4 e4f6 e7f6 h4h7,1224,74,100,3798,kingsideAttack mate mateIn2 middlegame short,https://lichess.org/rO87s48m/black#28,Benoni_Defense Benoni_Defense_Old_Benoni
UPxPK,5Q2/1p5k/p6p/3p1Np1/2q3K1/8/P1P3PP/8 w - - 2 33,g4h5 c4e2 g2g4 e2h2 f5h4 h2h4,1225,75,100,3901,endgame long mate mateIn3,https://lichess.org/DfdqxxMr#65,
Q54dg,5rk1/p1p3p1/5p2/2R4p/3pBRb1/3P4/PrP3P1/7K b - - 1 30,b2a2 e4d5 g8h7 d5a2,1225,75,100,4646,advantage endgame fork short,https://lichess.org/GHVdmnpR/black#60,
TBWnu,r6k/p1p2p2/3p1P2/2p2Np1/2P1PpP1/3P1R2/q5P1/7K b - - 1 30,h8h7 f3h3 h7g8 f5e7 g8f8 h3h8,1227,76,100,3302,endgame exposedKing long mate mateIn3,https://lichess.org/hrkOW876/black#60,
Y03Ck,8/R4p1p/p4k2/1p3nNb/5P2/1B3K1P/PP1r4/8 w - - 5 32,f3e4 d2d4,1229,77,100,4691,endgame mate mateIn1 oneMove pillsburysMate,https://lichess.org/omCtWu20#63,
z2RyJ,8/8/5PK1/1r6/p7/7R/1k6/8 b - - 0 61,b5b3 h3b3 a4b3 f6f7 b2c2 f7f8q,1234,75,100,3477,advancedPawn crushing endgame long promotion rookEndgame,https://lichess.org/v2wm08XU/black#122,
EEcQl,6k1/p1p5/2p3KQ/2Pp4/1P2qP2/P7/8/7R w - - 1 46,g6h5 e4h1 h5g6 h1h6 g6h6 d5d4,1239,76,100,3832,crushing defensiveMove endgame hangingPiece long,https://lichess.org/sYylazbN#91,
7c2C6,4r2k/1Q1R2bp/p7/4Bpp1/5P2/2q4P/P5PK/8 b - - 1 29,g7e5 d7h7 h8g8 b7f7,1240,75,100,3562,endgame mate mateIn2 short triangleMate,https://lichess.org/QydDYqGe/black#58,
CaM35,2k4r/ppp3pp/8/4R3/2P2n2/BP3P2/2Pr1P1P/R5K1 w - - 1 19,a3c1 d2d1 e5e1 d1e1,1241,77,100,3551,endgame mate mateIn2 short,https://lichess.org/bMDYa8Pi#37,
V5vPO,3R4/8/7P/5K2/k4P2/6r1/1p6/8 w - - 0 50,d8b8 g3b3 b8b3 a4b3 f5g6 b2b1q,1243,75,100,5874,advancedPawn crushing endgame long promotion rookEndgame,https://lichess.org/tgRwiLaI#99,
MfUw1,1r3r2/2p2pk1/pb1q1B2/1p1BR3/3n4/7P/PP3PP1/R2Q2K1 b - - 0 21,d6f6 d1g4 f6g6 e5g5,1244,75,100,3764,advantage middlegame pin short,https://lichess.org/E3kmyor8/black#42,
SV1kB,8/p4Q1p/7k/2pPbB2/2P5/2K4P/PP3q2/8 w - - 14 42,c3b3 f2b2 b3a4 b2b4,1246,75,100,6677,endgame mate mateIn2 short,https://lichess.org/nj0zc4HV#83,
DdW3I,r4rk1/pp3p1p/2ppb3/5P1n/1PP5/2N5/P1Q1BqPP/1RB4K w - - 2 20,f5e6 f2e1 e2f1 e1f1,1247,75,100,4450,kingsideAttack mate mateIn2 middlegame short,https://lichess.org/ye9LDqYk#39,
fcYxs,r7/p1k1q1rR/2pp4/4pQ2/2P3P1/6p1/PP4P1/2K4R b - - 3 30,a8f8 h7g7 e7g7 h1h7 g7h7 f5h7,1248,75,100,4645,clearance crushing endgame long pin,https://lichess.org/Q768BoiI/black#60,
7tmOX,r7/4kp1Q/p1qpb1P1/1p6/3p3P/1B2b3/PPP5/1K3R2 b - - 1 24,c6g2 f1f7 e6f7 h7f7,1250,76,100,3393,advantage master middlegame short,https://lichess.org/jflrxafn/black#48,
Z2FvV,8/3k1p1p/3B3K/4PP1P/8/8/7r/8 w - - 3 56,h6h7 h2h5 h7g8 h5f5,1251,75,100,5283,crushing endgame short,https://lichess.org/guZWsAAw#111,
mDDJJ,r1bq1r1k/pp3ppB/2p1p3/1n6/3P1bN1/P6Q/1P3P1P/R2R2K1 b - - 1 24,f4h6 g4h6 h8h7 h6f7 h7g8 f7d8,1252,74,100,3596,advantage discoveredAttack discoveredCheck kingsideAttack long middlegame,https://lichess.org/ZlFJ4FxU/black#48,
hTitY,8/p1R1n1pk/4Q1pp/4P3/8/7P/P3qrP1/7K w - - 0 30,e6e7 e2f1 h1h2 f2g2,1252,74,100,5527,endgame mate mateIn2 short,https://lichess.org/yBR7tPNV#59,
sb6vt,r3Qb1r/pkp2ppp/1n2p3/8/2P5/5B1P/P5P1/qN1R2K1 b - - 5 18,b7a6 e8b5,1257,77,100,3344,mate mateIn1 middlegame oneMove,https://lichess.org/RuHzn72Y/black#36,Alekhine_Defense Alekhine_Defense_Four_Pawns_Attack
5LdQt,8/8/8/R7/1r2p1PP/1k6/p3KP2/8 w - - 0 55,h4h5 b4a4 a5a4 b3a4,1259,75,100,3866,crushing endgame rookEndgame short,https://lichess.org/VWTbxqvn#109,
BQw5E,1k1r1bnr/p3q2p/1nQ2pb1/1N3p2/P1pP2P1/8/1PP4P/R1BK3R b - - 2 17,e7d7 c1f4 f8d6 f4d6 d7d6 b5d6,1260,75,100,4217,crushing long middlegame queensideAttack,https://lichess.org/TgmuV7pO/black#34,Caro-Kann_Defense Caro-Kann_Defense_Hillbilly_Attack
vuGoB,3r4/1pk3b1/1p1p3p/5BpR/2P3P1/1P3b2/K7/3R4 w - - 4 42,d1e1 d8a8 a2b1 a8a1 b1c2 a1e1,1261,74,100,3358,crushing endgame long skewer,https://lichess.org/HwV6XIdp#83,
bGshd,2b1k3/p4p2/1p1N1q2/4n1p1/PPp3r1/2P1P3/1B4pP/2RQ2K1 b - - 0 23,e8d8 d6e4 d8e7 e4f6,1265,75,100,3366,crushing discoveredAttack discoveredCheck middlegame short,https://lichess.org/hZwuYRPV/black#46,
RgpPn,6k1/Qp3pp1/4q2p/8/8/PR3P2/KP4rP/8 b - - 0 37,g2h2 a7b8 g8h7 b8h2,1267,76,100,3290,advantage endgame fork master short,https://lichess.org/dkTtcRUS/black#74,
i5MMP,r1bqr1k1/ppp1npp1/4Pn1p/8/2P5/B2B1N2/P4PPP/R3QRK1 b - - 0 15,d8d3 e6f7 g8f7 f3e5 f7g8 e5d3,1267,76,100,4274,advancedPawn advantage attraction fork long opening,https://lichess.org/UZCT6Hj2/black#30,Zukertort_Opening Zukertort_Opening_Black_Mustang_Defense
XycWT,6k1/4q1p1/R4n1p/1p1p1Q2/2pP1P1N/P1P4P/1P3KP1/4r3 w - - 5 37,f5c2 e7e3,1271,75,100,3554,endgame mate mateIn1 oneMove triangleMate,https://lichess.org/uKxNnjjV#73,
m8OJw,1r4k1/5pP1/1P5p/p1pqP2Q/P1pB2p1/2P5/7P/6K1 b - - 0 34,c5d4 h5h6 f7f6 h6h8 g8f7 h8b8,1272,75,100,4088,crushing endgame long skewer,https://lichess.org/6o1KUGoT/black#68,
7ZkzT,5r1k/6p1/1p1R2bp/p3B2n/B1p5/8/PP5P/6K1 b - - 1 38,g6d3 d6h6 h8g8 h6h5,1273,74,100,3709,advantage endgame pin short,https://lichess.org/0awczdo1/black#76,
fXUDI,r7/ppQ3k1/3R2pp/4nn2/5q2/8/PP4PP/R6K b - - 1 28,e5f7 d6g6 g7g6 c7f4,1273,75,100,4042,crushing discoveredAttack middlegame short,https://lichess.org/QK4RW4vQ/black#56,
9VqGR,3r2k1/1p4pp/3Np3/q1P1P3/7r/2B5/4Q1PK/2R5 w - - 2 33,h2g1 a5c5 e2f2 h4h1 g1h1 c5f2,1278,75,100,5217,crushing deflection long middlegame,https://lichess.org/28CiHdZq#65,
dybiq,8/5p2/4kp1p/p1p5/2P2PK1/PP5P/8/8 b - - 2 36,f6f5 g4h5 a5a4 b3a4,1279,77,100,3309,crushing defensiveMove endgame master pawnEndgame short,https://lichess.org/A4mwYooe/black#72,
5QRFR,6r1/p2kb2R/1p2p3/3pP3/5r2/2P2NpP/PP4K1/3R4 w - - 0 28,d1d4 f4f3 g2f3 g3g2,1279,76,100,4035,advancedPawn advantage endgame master sacrifice short,https://lichess.org/tvDclg38#55,
uVuSI,3r1k2/p2Bpp1p/2P3p1/3Rb3/8/7P/P5P1/6K1 b - - 0 28,e5d6 d5d6 e7d6 c6c7 d8d7 c7c8q,1280,75,100,3283,advancedPawn advantage endgame long promotion sacrifice,https://lichess.org/QLKPhdpm/black#56,
oyq79,3r2k1/2q3B1/p4pnQ/1pp2N2/4p1Pb/1PP4P/1P4K1/R4R2 w - - 0 29,h6g6 d8d2 f1f2 d2f2 g2h1 c7h2,1280,75,100,3394,long mate mateIn3 middlegame,https://lichess.org/gycuXmnE#57,
XOWu5,3R4/8/5p2/4k2P/8/8/3p2K1/3r4 b - - 0 47,f6f5 h5h6 e5f4 h6h7,1282,75,100,5495,advancedPawn crushing endgame master rookEndgame short,https://lichess.org/YXxtMTpk/black#94,
elk0I,r6k/p2qprb1/6bp/PnRp2p1/1p1P2P1/1P2QPB1/5NBP/4R1K1 b - - 3 28,g7d4 g3e5 d4e5 e3e5,1283,74,100,4556,advantage kingsideAttack master middlegame short,https://lichess.org/cOFYWzw7/black#56,
5rk8P,2k2r1r/pp5p/1b2p1pQ/3p4/1P3B2/2P3P1/P1q2P1P/R3R1K1 w - - 1 21,a1c1 c2f2 g1h1 f2f3,1287,75,100,4541,kingsideAttack mate mateIn2 middlegame short,https://lichess.org/9C0JSHTT#41,
JZxCD,2r3k1/3n1pbp/p3p1p1/1p1q4/1P1P1P2/3QP1PP/2B3K1/2R2R2 w - - 1 27,d3e4 c8c2 c1c2 d5e4,1289,75,100,3809,crushing middlegame pin short,https://lichess.org/zi95yX47#53,
Z5w7g,4r1k1/6p1/2p2b2/2Pp2p1/1P1Pn3/8/P3Q1PP/5RK1 w - - 0 29,b4b5 f6d4 g1h1 e4g3 h2g3 e8e2,1291,77,100,3869,advantage discoveredAttack endgame long,https://lichess.org/YwPfEi1a#57,
BDzKK,r1b3k1/2pprpp1/ppq4p/8/PbB1P3/8/1PP1QPPP/R1B2RK1 w - - 0 16,c4d5 c6d5 e4d5 e7e2,1292,76,100,5090,advantage middlegame short,https://lichess.org/6TBt91nk#31,Scotch_Game Scotch_Game_Scotch_Gambit
w8wXR,8/8/6k1/5p1p/1r3PPR/7P/7K/8 b - - 0 37,b4f4 g4h5 g6g5 h4f4 g5f4 h5h6,1296,75,100,3789,crushing discoveredAttack endgame long rookEndgame,https://lichess.org/lUzlUKv8/black#74,
RJpKc,8/6k1/2R1n3/5pBp/5P1P/r7/5K2/8 b - - 12 42,e6d4 g5f6 g7f7 f6d4,1297,75,100,4575,crushing endgame fork master short,https://lichess.org/jpvxbTRY/black#84,
M3QOB,r2q1rk1/3n1p1p/2p3B1/p3p2n/1p1P2Rb/2P1BP1P/PPQKN3/6R1 b - - 0 22,h7g6 g4g6 f7g6 c2g6 h5g7 g6g7,1297,75,100,3910,fork long mate mateIn3 middlegame sacrifice,https://lichess.org/HILZRdF6/black#44,
Zwx8c,6rk/6R1/5p1p/1pQ4P/p1b5/P1P4q/1P6/K5R1 b - - 0 39,g8g7 c5f8 c4g8 f8g7,1298,76,100,4660,endgame mate mateIn2 short,https://lichess.org/dwG5KraA/black#78,
WHclj,N1b1r1k1/pp1p1ppp/3Q4/4P3/2qn4/8/P4PPP/R3R1K1 w - - 3 17,a1c1 d4e2 g1h1 e2c1,1301,76,100,3819,advantage fork middlegame short,https://lichess.org/9qvMA5Tj#33,Danish_Gambit_Accepted Danish_Gambit_Accepted_Copenhagen_Defense
QJBOc,2r2r2/1pp1qp1k/p2p1Rpp/4p3/4P2Q/1P1PPR1P/1PP3P1/6K1 b - - 4 22,h7g7 f6g6 f7g6 h4e7,1305,75,100,4004,crushing discoveredAttack endgame short,https://lichess.org/o3lVlR7x/black#44,
54GHs,r7/1Q5k/p4Pp1/1p6/5Pq1/8/P4K1P/8 b - - 4 40,h7h6 b7g7 h6h5 g7h7,1306,76,100,3727,endgame mate mateIn2 short,https://lichess.org/iAFpntx3/black#80,
mYQci,5rk1/pQ4pp/2p5/8/7q/8/P1P3bB/6RK w - - 0 36,g1g2 f8f1 g2g1 h4e4,1307,75,100,4168,endgame mate mateIn2 short,https://lichess.org/65ko4l80#71,
F0CMI,1b3r1k/pp4pp/6p1/4q3/4N3/P2Q1P1P/1P3PK1/3R4 w - - 6 28,d3d7 e5h2 g2f1 h2h1 f1e2 h1f3,1307,77,100,5411,crushing endgame long,https://lichess.org/v08LnkFw#55,
Z0tC0,6r1/6pp/8/4R3/1k6/1P1p2Pn/PK1P3P/8 b - - 1 33,g8c8 a2a3,1313,75,100,3741,endgame mate mateIn1 oneMove,https://lichess.org/ZdKEeO1W/black#66,
XIdpN,8/8/8/2pnBkp1/4n3/3K1N1P/6P1/8 b - - 4 42,d5b6 g2g4 f5g6 d3e4,1314,74,100,5746,crushing deflection endgame short,https://lichess.org/1Rj3UzI0/black#84,
lMKOP,2brr2k/2q2pp1/2p4p/4NP2/1P1n4/6Q1/6PP/RB2R1K1 b - - 2 34,h8h7 f5f6 g7g6 b1g6 f7g6 g3g6,1314,74,100,3725,crushing discoveredAttack discoveredCheck long middlegame,https://lichess.org/Um4M1qWG/black#68,
j28jV,r7/Pk2b3/8/4Np1p/6p1/4P1P1/3K3P/R7 b - - 10 41,a8a7 a1a7 b7a7 e5c6 a7b6 c6e7,1315,74,100,4727,attraction crushing endgame exposedKing fork long,https://lichess.org/01mAVMvU/black#82,
P7dnE,r5k1/p1p2ppp/3p3r/2p5/PP2PPn1/3B1R2/1BQN4/R4K1q w - - 10 23,f1e2 h6h2 f3f2 h2f2,1315,74,100,4610,mate mateIn2 middlegame short,https://lichess.org/aTo90YHW#45,
0lBW3,1R3b1r/p2pkp1p/6pP/3bPP2/3N4/2r5/P1P5/4KR2 b - - 0 24,g6f5 d4f5 e7e6 b8e8 f8e7 e8e7,1322,75,100,3743,long mate mateIn3 middlegame,https://lichess.org/CNo9mzrm/black#48,
8Q3bm,8/p4k2/8/1p2R3/1B2p3/P2rP1P1/KR5p/7r w - - 0 46,e5e4 h1a1 a2a1 h2h1q a1a2 h1e4,1322,75,100,5014,advancedPawn attraction crushing endgame fork long promotion,https://lichess.org/vJXxmsuc#91,
jpJG9,2r2k1R/1q4b1/p2rpnB1/1p3p2/1PpP1N2/6P1/7Q/5RK1 b - - 15 33,g7h8 h2h8 f8e7 h8g7,1325,76,100,6836,crushing fork middlegame short,https://lichess.org/e573x5rC/black#66,
uNOZf,4rrk1/p1Q4p/1p3qp1/8/8/P1P5/2PP1PPP/R1B2RK1 w - - 1 20,d2d4 f6f2 f1f2 e8e1 f2f1 e1f1,1327,75,100,3982,kingsideAttack long mate mateIn3 middlegame sacrifice,https://lichess.org/2WqLfyqN#39,
eqcQW,8/5p1k/q1bP3p/2B3p1/pQP5/2P4P/5PP1/6K1 w - - 1 39,b4b6 a6b6 c5b6 a4a3 d6d7 c6d7,1327,74,100,3750,crushing endgame long,https://lichess.org/0ZyxPHX8#77,
MOAjJ,r5k1/pp3ppp/7q/3p4/5nP1/2PB4/PP1Q1PP1/3Rr1K1 w - - 0 22,d1e1 f4h3 g2h3 h6d2,1331,74,100,3774,crushing discoveredAttack endgame short,https://lichess.org/RiwmHNSf#43,
PQd0C,1r4k1/2R4p/2b1r1p1/3pp3/8/2P4P/5PP1/R4BK1 b - - 0 40,b8b7 a1a8 e6e8 a8e8 c6e8 c7b7,1331,75,100,5064,crushing endgame long,https://lichess.org/fdxptNQK/black#80,
l0esh,4Q3/p1B4k/2P1b1p1/8/3p1p2/6PK/4q3/2R5 w - - 0 43,h3h4 e2h5,1332,75,100,3852,endgame master mate mateIn1 oneMove,https://lichess.org/5HVBCuCs#85,
Hqzec,2r2rk1/4bpp1/p3p2p/P3B3/1PqNQ1P1/3p1P1P/8/1R3RK1 w - - 2 26,f1c1 c4c1 b1c1 c8c1 g1g2 d3d2,1334,75,100,4429,advancedPawn crushing exposedKing long middlegame,https://lichess.org/kUQwTETz#51,
IaRjY,r2bR3/1pp2rpk/p2p3p/3P1q2/3B1P2/2P3QP/PP5K/6R1 b - - 5 27,d8h4 g3g7 f7g7 g1g7,1335,75,100,4672,mate mateIn2 middlegame operaMate sacrifice short,https://lichess.org/c6IG4U8i/black#54,
FDROe,r1b2rk1/p4pp1/1p2p2p/8/3pq3/8/PPP1BPP1/R2Q1RK1 b - - 1 17,c8b7 e2f3 e4e5 f3b7,1337,75,100,3928,advantage middlegame short skewer,https://lichess.org/Dg92Dy1D/black#34,Sicilian_Defense Sicilian_Defense_Other_variations
lIprX,r1bk1b1r/ppp3pp/2n5/8/4RB2/2P2N2/PPP2PPP/R2K4 b - - 0 12,c8g4 f4g5 d8d7 e4g4,1338,75,100,5190,advantage discoveredAttack middlegame short,https://lichess.org/3gupNwHN/black#24,Alekhine_Defense Alekhine_Defense_Scandinavian_Variation
GW855,3k3r/ppp2pp1/3p4/2b3pn/8/2N3P1/PPP2PBq/R2QRK2 w - - 2 19,d1e2 h5g3 f2g3 h2g1,1338,74,100,3881,mate mateIn2 middlegame sacrifice short,https://lichess.org/0RkF3AGS#37,
IpT4v,8/R7/8/3k4/P5KP/r1p5/8/8 w - - 0 41,h4h5 c3c2 a7c7 a3a4 g4f5 a4c4,1339,75,100,4462,advancedPawn crushing endgame long rookEndgame,https://lichess.org/tyOFclZo#81,
jHKb1,rbb1k2r/pp1p1ppp/4p3/1N3P2/4P1n1/1N1B3q/PPPBQ3/R4RK1 w kq - 2 18,d2f4 b8f4 f1f4 h3g3 e2g2 g3f4,1342,74,100,4328,advantage attraction exposedKing fork long middlegame,https://lichess.org/TAJkURIu#35,Sicilian_Defense Sicilian_Defense_Taimanov_Variation
olhDd,4r3/5pkp/5np1/p4p2/Q2p4/2q2P2/P1P3PP/2RR2K1 w - - 2 24,a4d4 e8e1 d1e1 c3d4,1343,75,100,4418,advantage deflection endgame short,https://lichess.org/4o4Hj1Hk#47,
m5vkZ,5rq1/ppn3k1/4p3/1P1pPrpQ/5P2/2P1K3/1P6/6RR b - - 2 28,g8h8 g1g5 f5g5 h5g5 g7f7 h1h8,1345,75,100,4248,crushing exposedKing long middlegame,https://lichess.org/qiObO0K4/black#56,
IJOx2,r1qn1rk1/5pp1/p4b1B/1ppP3Q/4B3/P6P/5PP1/5RK1 b - - 4 25,g7g6 e4g6 f7g6 h5g6 g8h8 h6f8,1345,76,100,5060,advantage kingsideAttack long middlegame,https://lichess.org/dZtrTbd8/black#50,
7STMD,r4k2/pR4Np/n4p2/4p3/8/5r2/P4P1P/4K1R1 b - - 3 24,a8b8 g7e6 f8e8 g1g8,1349,75,100,6465,endgame mate mateIn2 short,https://lichess.org/nb2IrqXw/black#48,
n2DiN,r1bq2kr/ppp2P1p/1nn3p1/4p2Q/4N3/8/PPP3PP/R1B2RK1 b - - 0 15,g8g7 h5h6,1351,76,100,4352,mate mateIn1 oneMove opening,https://lichess.org/3ltSrKTO/black#30,Italian_Game Italian_Game_Rosentreter_Gambit
5mYWI,4kr2/p4p2/4p3/4Pp1Q/q1pR1PPP/1pP5/1P6/2K5 w - - 0 33,h5g5 a4a1 c1d2 a1b2 d2d1 b2c2 d1e1 c2c3,1353,75,100,5005,crushing deflection endgame queensideAttack veryLong,https://lichess.org/2HHi0QBH#65,
sDVq0,4rr1k/6b1/p1p3Rp/1p6/4N3/1BPP2KQ/Pq5P/8 b - - 1 34,e8e4 g6h6 g7h6 h3h6,1358,75,100,4563,mate mateIn2 middlegame short,https://lichess.org/IO0nuy85/black#68,
wY4EQ,5r1k/p5p1/1p4np/2pQ2K1/P2p2P1/1P3r2/7P/2B5 w - - 0 35,g5g6 f8f6 g6h5 f3h3,1360,74,100,5029,endgame mate mateIn2 short,https://lichess.org/yOnse9WA#69,
WzNXU,4rrk1/2p2pp1/2p2Nnp/p3P2Q/8/3P3R/Pq4PP/4R1K1 b - - 1 20,g8h8 h5h6 g7h6 h3h6 h8g7 h6h7,1361,74,100,5776,hookMate kingsideAttack long mate mateIn3 middlegame sacrifice,https://lichess.org/IeyRDT6V/black#40,
LzdRh,r2qkb1r/p4ppp/1p2p3/1PP5/3nP3/2Q5/P4PPP/R1B1KB1R w KQkq - 1 12,c5c6 f8b4 c3b4 d4c2 e1e2 c2b4,1361,75,100,4266,advantage attraction fork long middlegame pin sacrifice,https://lichess.org/Dq9DYXoj#23,Queens_Pawn_Game Queens_Pawn_Game_Symmetrical_Variation
hIA0r,r1b3k1/pp1p1ppp/8/8/8/3q2P1/P2BnPBP/R2Q2KR w - - 5 20,g1f1 e2c3 f1g1 c3d1,1365,74,100,6391,advantage discoveredAttack discoveredCheck middlegame short,https://lichess.org/FzPctbtH#39,
XpdRd,8/5p2/5P2/1P1k2P1/8/3b2K1/8/8 b - - 0 43,d3b5 g5g6 d5e6 g6g7 e6f6 g7g8q,1369,75,100,3882,advancedPawn bishopEndgame crushing endgame long promotion,https://lichess.org/g5ThJSZe/black#86,
c93hf,r5k1/ppp3pp/3qp3/4nr2/2P5/1PQ2p1P/PB3N1K/R4R2 w - - 0 25,f2e4 e5g4 h2g1 d6h2,1372,76,100,4464,discoveredCheck doubleCheck mate mateIn2 middlegame short,https://lichess.org/JVwXDrNR#49,
JCpSd,r2q1rk1/pp3ppp/2pn1b2/8/3P4/1P1Q3P/P1P3B1/RN3RK1 b - - 2 19,d8b6 f1f6 g7f6 d3g3 g8h8 g3d6,1374,74,100,4003,advantage fork long middlegame sacrifice,https://lichess.org/cEMMk6ab/black#38,
kOKAL,4rrk1/p6p/2R3p1/4R2n/1q3p2/1P6/PBQ2PPP/6K1 w - - 1 28,h2h3 e8e5 b2e5 b4e1 g1h2 e1e5,1376,75,100,4551,advantage fork long master middlegame,https://lichess.org/NRoX2nKj#55,
iv7S2,2r3k1/pp4pp/4p3/2q1n3/6n1/1P2P1R1/P3N1PP/1B1Q2K1 w - - 0 22,d1d4 c5c1 e2c1 c8c1 d4d1 c1d1,1381,75,100,4193,fork long mate mateIn3 middlegame sacrifice,https://lichess.org/LUaJvFmS#43,
AK3i0,8/1pp3kp/5Rbr/3QP1p1/2P5/1P2N1Pq/P6P/6K1 w - - 1 36,d5b7 h3h2 g1f1 g6d3 f1e1 h2e2,1384,76,100,5473,endgame long master mate mateIn3,https://lichess.org/P82QOmNV#71,
heIji,3qr1k1/pp3p1p/4r1pB/1b6/1P3Q2/8/P4PPP/R4RK1 w - - 1 25,f1d1 d8d1 a1d1 e6e1 d1e1 e8e1,1385,74,100,4026,backRankMate long mate mateIn3 middlegame sacrifice,https://lichess.org/kxU50yOO#49,
dZfpC,2k1r3/ppn2ppp/2p5/q7/2bQ4/1P6/P2R1PPP/5BK1 b - - 1 23,c4f1 d4d7 c8b8 d7d8 e8d8 d2d8,1386,75,100,4330,backRankMate endgame long mate mateIn3 sacrifice,https://lichess.org/uFzUuSWO/black#46,
0uPqG,r4bk1/p1p1nr1n/2Pp4/PP1Np3/2N1Pp1p/5Ppq/4BR2/R2Q2BK w - - 0 27,f2h2 g3g2,1387,75,100,4339,advancedPawn master mate mateIn1 middlegame oneMove,https://lichess.org/lOElUViN#53,
mJh2z,8/p6p/1p1b1p2/3p4/3P3k/P3BK2/1Pr2P2/6R1 b - - 5 46,c2b2 g1h1 d6h2 h1h2,1388,75,100,5018,endgame mate mateIn2 pillsburysMate short,https://lichess.org/qlTdRD7R/black#92,
Ol4Dx,8/R7/5pk1/7R/3b4/5nP1/2r2P2/5K2 w - - 1 44,a7h7 c2f2,1391,75,100,7442,endgame mate mateIn1 oneMove operaMate vukovicMate,https://lichess.org/GHxPKAwe#87,
8Axgi,r2q2k1/pp3Rp1/2nb2Qp/2p3N1/8/2PP4/P1P3PP/R5K1 b - - 4 20,d8g5 f7g7 g8h8 g7h7,1393,75,100,6555,kingsideAttack master mate mateIn2 middlegame short,https://lichess.org/RZkWmHjs/black#40,
PTe31,4r1k1/3b1Pp1/8/7q/2p1p3/2P1P2P/1B6/5RK1 b - - 0 35,g8f8 b2a3 e8e7 a3e7 f8e7 f7f8q,1394,75,100,4838,advancedPawn attraction crushing endgame long promotion,https://lichess.org/ueu41iLo/black#70,
gFzsX,5r2/3n2pk/6pp/p1p1P3/1p1PN1Q1/8/Pq4PP/5RK1 w - - 0 31,g4d7 f8f1 g1f1 b2b1 f1f2 b1e4,1395,76,100,3839,advantage attraction endgame fork long,https://lichess.org/4L4bU7Zi#61,
ZZRDX,2r3k1/pQ4pp/4p3/5p1P/5P2/3r4/PP3q1P/1Rn2K1B w - - 0 25,f1f2 c8c2 f2e1 c2e2 e1f1 d3d1,1403,74,100,5026,endgame exposedKing long mate mateIn3,https://lichess.org/BseWj7bO#49,
Xq13g,4r3/1pp2ppk/p6p/8/1P6/P1qPpPPP/2P1R1K1/6Q1 w - - 4 32,e2e3 c3d2 g1f2 d2e3 f2e3 e8e3,1405,76,100,4055,crushing endgame long,https://lichess.org/0Sa3XUfK#63,
yCdc1,6k1/pQ4pN/7q/3R3r/8/7P/P1B2PP1/4r1K1 w - - 1 29,g1h2 h6f4 g2g3 f4f2,1407,76,100,6087,mate mateIn2 middlegame short,https://lichess.org/WzYkKHFP#57,
zfk6e,6k1/R5p1/1p6/1P4Pp/2P5/5p2/4qQK1/8 w - - 0 43,g2g3 h5h4 g3f4 e2f2,1410,74,100,3497,crushing deflection endgame short,https://lichess.org/6cHIBE3c#85,
PHPWR,5k2/pR5R/8/K2r4/1r5B/b4P1P/6P1/8 w - - 18 51,a5a6 b4a4,1410,76,100,6537,endgame mate mateIn1 oneMove,https://lichess.org/AoraFKOR#101,
BFx0h,R2r2k1/5ppp/2Q5/6q1/3P4/P3n2P/r4P2/5R1K b - - 5 26,e3f1 c6e8 d8e8 a8e8,1411,74,100,5389,backRankMate endgame mate mateIn2 sacrifice short xRayAttack,https://lichess.org/RRD7toqM/black#52,
e6SLD,4r1k1/1Qp1npp1/p2b2qp/P7/3P4/2P1B2P/R2N1PP1/6K1 w - - 1 24,b7a6 d6h2 g1h2 g6a6,1416,75,100,5067,advantage discoveredAttack middlegame short,https://lichess.org/FeBfYu3W#47,
r51DG,1k2r3/pp4pp/8/3Prp2/2Pp4/1NbQ4/P4PPP/1R4K1 w - - 6 24,b3d4 e5e1 d3f1 e1f1 g1f1 c3d4,1417,74,100,3970,advantage endgame long,https://lichess.org/qDG0Zw7e#47,
dg3f7,6k1/1R3R1p/pn1r2p1/P7/8/5P1P/1r3P2/6K1 b - - 0 34,b6c4 f7g7 g8h8 g7h7,1418,77,100,3422,advantage endgame master short,https://lichess.org/merpVea0/black#68,
r9bNX,3q3k/4bp2/p5p1/2p1pP1p/1pN1P2P/1P3QP1/1PP5/6K1 w - - 0 28,c4e5 d8d4 g1h2 d4e5,1421,75,100,3957,advantage endgame fork short,https://lichess.org/q6JmZi6a#55,
kcFyH,r1b3k1/5pp1/2pqp2p/p1r5/2PN2R1/3Q4/P4PPP/1R4K1 b - - 3 24,c8a6 g4g7 g8g7 d4f5 e6f5 d3d6,1423,77,100,3411,advantage attraction discoveredAttack kingsideAttack long middlegame sacrifice,https://lichess.org/SINQIEmN/black#48,
nszuI,5r2/1kpn4/1p6/1P5p/3Pp1p1/1N2P1K1/R5PP/8 w - - 5 29,a2f2 h5h4 g3g4 f8f2,1424,78,100,4189,crushing deflection endgame master short,https://lichess.org/44t8GMbB#57,
fPvVK,6k1/1Q3pp1/2p1p2p/P7/1P3q2/7P/3r2P1/4R1K1 w - - 1 40,b7c6 f4f2 g1h2 f2e1,1425,75,100,4503,crushing endgame fork short,https://lichess.org/eZgY3qDi#79,
B4tAg,6k1/5p1p/6p1/p3p3/P7/1PQ1R2P/5qPK/3r4 w - - 0 35,e3e5 f2f4 c3g3 d1h1 h2h1 f4g3,1425,74,100,3426,crushing deflection endgame long,https://lichess.org/It8HCnLO#69,
ukqDb,4r1k1/5pp1/7B/p7/1p6/3B2QP/2P3PK/q7 b - - 2 32,e8e1 g3b8 e1e8 b8e8,1431,75,100,5021,endgame mate mateIn2 short,https://lichess.org/FrIQNvys/black#64,
FAwQH,5rk1/4bR2/4P2p/p5pQ/P2r1nP1/1P3P2/7P/6K1 w - - 15 44,h5h6 d4d1 g1f2 e7c5 f2g3 d1g1,1433,75,100,5604,endgame long mate mateIn3 pillsburysMate,https://lichess.org/Oy4ck17w#87,
jjMxg,r2q1r2/1pp1pRbk/p1n1P1pp/8/3P4/2P4Q/P1P3PP/R1B3K1 b - - 6 17,d8d5 h3h6 h7g8 h6g7,1436,77,100,5680,mate mateIn2 middlegame pin short,https://lichess.org/8dBb3RFq/black#34,Rat_Defense Rat_Defense_Harmonist
ZOWhk,8/7k/3B3p/2P2K1P/p1n3p1/6P1/8/8 w - - 1 51,d6e5 c4e5 f5e5 a4a3 c5c6 a3a2 c6c7 a2a1q,1437,77,100,4052,advancedPawn crushing endgame promotion veryLong,https://lichess.org/T1oObHSx#101,
8FZZd,r5k1/pp4p1/2p5/2bP3p/2P1N1n1/3Bq1Q1/PP4P1/5R1K w - - 2 22,f1f3 e3g1,1438,74,100,3580,mate mateIn1 middlegame oneMove,https://lichess.org/QXwjgwDx#43,
dMENY,7k/pp2Pbp1/7p/P1P5/8/8/7P/4K3 b - - 0 44,h8h7 a5a6 b7a6 c5c6 f7e8 c6c7,1441,75,100,3700,advancedPawn advantage bishopEndgame endgame long,https://lichess.org/OtLHXEul/black#88,
Q73jX,8/6k1/3B2p1/2p5/1p2N1PP/pP2K3/r7/8 b - - 1 43,a2b2 d6e5 g7f7 e5b2 a3b2 e4d2,1441,74,100,3856,crushing defensiveMove endgame fork long master,https://lichess.org/xpesJ7KL/black#86,
JCj1Z,rQ4k1/2P2pp1/4p3/8/8/6B1/p4PKP/2q5 b - - 1 32,g8h7 b8a8 a2a1q a8a1 c1a1 c7c8q,1442,75,100,4262,advancedPawn advantage endgame hangingPiece long promotion,https://lichess.org/wlEe7rwl/black#64,
sU9Gs,3rr1k1/5pp1/p2p1q1p/8/3R2P1/1PPQ4/P4PP1/3R2K1 w - - 6 27,d4d6 d8d6 d3d6 e8e1 d1e1 f6d6,1445,76,100,5237,advantage deflection endgame long,https://lichess.org/FkZHQob6#53,
t2mmB,5r1k/2p3p1/4p2p/PPb5/8/r3PB2/4KP1P/1R5R w - - 2 31,a5a6 a3a2 e2d3 f8f3,1446,75,100,3734,advantage deflection endgame short,https://lichess.org/YsdUCNCF#61,
0Svc3,2R2r1k/6p1/p6p/1p1r4/8/4QP2/P2q1P1P/2R3K1 b - - 1 26,f8c8 c1c8 d5d8 e3d2,1449,76,100,3873,crushing endgame pin short,https://lichess.org/YnBp8cCN/black#52,
TlLP9,6k1/5pqp/3Qp1p1/p2p4/r7/1r3PRP/6P1/4R2K b - - 0 33,a4a1 d6d8 g7f8 d8f8 g8f8 e1a1,1450,75,100,5068,advantage endgame long,https://lichess.org/yB08lRuN/black#66,
UleB6,5brk/pp1q1prp/3ppQ2/5p2/3nP3/P1N3RR/1PP2PPP/6K1 b - - 5 20,f8e7 h3h7 h8h7 g3h3,1454,76,100,3525,attraction kingsideAttack mate mateIn2 middlegame pin sacrifice short,https://lichess.org/7hnpjYpi/black#40,
Ph8Sk,b4rk1/5p2/5QP1/2pPP2p/8/7P/6BK/2q5 b - - 0 32,c1h6 g6f7 f8f7 f6h6,1454,75,100,5896,advancedPawn crushing discoveredAttack endgame master short,https://lichess.org/zwkBjL6A/black#64,
bYgo4,r4bk1/ppq2ppp/2p5/3p1N2/3PrN2/3Q1P1R/PPP3P1/R6K b - - 0 22,e4f4 f5e7 f8e7 d3h7 g8f8 h7h8,1456,75,100,3523,discoveredAttack kingsideAttack long mate mateIn3 middlegame sacrifice,https://lichess.org/1N5uXY6e/black#44,
d1Ul5,7r/pQB1nk1p/3p1ppb/8/8/3P1P2/qPP3P1/3KRB2 w - - 0 23,c7d6 a2b1 d1e2 b1c2,1460,74,100,4895,deflection mate mateIn2 middlegame short,https://lichess.org/ZpdYSfyU#45,
kschz,r3r1k1/2R3n1/1p4Qp/p3p3/2P5/1P2q3/PK5P/8 b - - 1 33,e3g5 c7g7 g8h8 g6h7,1463,76,100,5381,endgame mate mateIn2 short,https://lichess.org/3xYvv9nF/black#66,
DD4dY,r1b1r1k1/1p1pqp1p/p5pB/n7/2PPB3/2P3P1/P4P1P/R2QR1K1 w - - 7 16,e4b7 e7e1 d1e1 e8e1 a1e1 c8b7,1464,75,100,4707,advantage kingsideAttack long middlegame,https://lichess.org/WVu7A1pO#31,English_Opening English_Opening_Symmetrical_Variation
pBU6h,r5k1/p1p2ppp/2pr4/8/2B2b1q/2NP3P/PPP2PQ1/R3R1K1 w - - 5 17,g2g4 d6g6 g4g6 h7g6,1465,75,100,4004,advantage middlegame pin short,https://lichess.org/qD0ztVl0#33,Italian_Game Italian_Game_Two_Knights_Defense
ttvSr,b7/p3PQ2/6pk/Pr2p1p1/7q/4R3/BP3PP1/7K w - - 4 37,e3h3 h4h3 h1g1 h3g2,1466,76,100,4580,endgame mate mateIn2 pin short,https://lichess.org/OoVB1zCE#73,
tJWHT,8/5p1k/R4P2/7K/7P/8/p7/r7 b - - 0 41,h7g8 h5h6 a1b1 a6a8 b1b8 a8b8,1466,74,100,3410,endgame long mate mateIn3 rookEndgame,https://lichess.org/pQc3i8SO/black#82,
w0mSX,8/1np5/pk6/8/P1KN4/2P5/8/8 b - - 0 53,b7c5 a4a5 b6a5 c4c5,1466,76,100,3898,crushing deflection endgame knightEndgame master short,https://lichess.org/VW8dJM6r/black#106,
wFhIy,2r2rk1/4qp2/3p2pp/1p6/1P1QB2P/P5P1/4bP2/1R3RK1 w - - 0 22,f1e1 c8c4 d4e3 c4e4,1469,74,100,4011,advantage middlegame short,https://lichess.org/kseD0FO1#43,
3lrmD,5r1k/1p4p1/6Bp/P3p3/4Q2N/4R1Pb/Pq3P1P/R5K1 w - - 0 27,a1e1 b2f2 g1h1 f2f1 e1f1 f8f1,1469,75,100,3424,long mate mateIn3 middlegame pillsburysMate sacrifice,https://lichess.org/c3DppHB0#53,
9s93N,r1bk3r/pp1p1pp1/2pN2p1/2P1P3/1P1n3q/P4Q2/6PP/R1B3KR w - - 2 20,f3f7 h4e1 f7f1 d4e2,1471,75,100,3507,kingsideAttack mate mateIn2 middlegame short,https://lichess.org/MpFnlQFT#39,
hoZWE,6k1/8/4p3/4P2p/3Q2pr/2P2q2/P1P3RP/6RK w - - 2 39,d4f2 h4h2 h1h2 f3h3,1472,75,100,4207,attraction endgame mate mateIn2 pin sacrifice short,https://lichess.org/zGjWDDUS#77,
7kGPt,5rk1/pp4bp/4Rp2/1q6/6Q1/2P4N/P5PP/1r2R2K w - - 5 24,h3f4 b5f1 e1f1 b1f1,1473,76,100,3707,backRankMate mate mateIn2 middlegame sacrifice short xRayAttack,https://lichess.org/akRlJvUz#47,
VgTK8,2k5/2p3P1/1p4R1/3K4/2P5/8/p7/4r3 b - - 5 51,e1e8 g7g8q e8g8 g6g8 c8b7 g8g1,1474,74,100,3704,advancedPawn crushing defensiveMove endgame long promotion,https://lichess.org/X0UZ1CBU/black#102,
D8Wfd,5rk1/5ppp/1p1Q4/r4N2/4R3/P1q2P2/7P/3R2K1 b - - 0 28,a5f5 d6f8 g8f8 d1d8,1480,75,100,3438,attraction endgame mate mateIn2 sacrifice short,https://lichess.org/KQiwbWa5/black#56,
LYWrM,6k1/ppR3pp/3P4/3Q3b/2P2P2/P5Pq/1P2r2P/6K1 b - - 2 27,h5f7 d5f7 g8h8 f7g7,1484,76,100,3904,endgame mate mateIn2 short,https://lichess.org/3cioq2Mq/black#54,
E9Hod,2k5/2p5/p3R3/1pN5/1P1r4/P4BPq/4K3/8 b - - 0 47,h3g3 e6e8 d4d8 f3b7 c8b8 e8d8 b8a7 d8a8 a7b6 a8a6,1489,78,100,6092,deflection endgame epauletteMate hookMate mate mateIn5 operaMate veryLong,https://lichess.org/FX3WECIQ/black#94,
0R1Ri,r3k2r/1pp1bpp1/2nqp2p/p2pN3/3PnP2/BPN1P3/P2P2PP/R2Q1RK1 b kq - 5 12,d6a3 c3b5 a3b4 b5c7,1491,76,100,3508,advantage master middlegame short,https://lichess.org/YX0g1qxP/black#24,Nimzo-Larsen_Attack Nimzo-Larsen_Attack_Classical_Variation
UPfj4,6k1/pQ2np1p/3b2pB/8/3q1P1P/6P1/PPr5/4R2K b - - 1 29,d4f2 b7a8 c2c8 a8c8 e7c8 e1e8 d6f8 e8f8,1493,74,100,4937,fork mate mateIn4 middlegame operaMate sacrifice veryLong,https://lichess.org/6n9JVYvn/black#58,
SqLTu,r3kb1r/1pq2p1p/p3bp2/3p4/8/5N2/PPP1PPPP/R2QKB1R w KQkq - 2 10,f3d4 f8b4 c2c3 b4c3 b2c3 c7c3 d1d2 c3a1,1494,77,100,6006,advantage deflection middlegame veryLong,https://lichess.org/EzlgqJlF#19,Queens_Pawn_Game Queens_Pawn_Game_Accelerated_London_System
u7EjJ,r5k1/1pp2p1p/p2q2p1/3Pb3/4N1b1/5N2/PP3PPP/R2Q2K1 b - - 1 18,e5h2 f3h2 g4d1 e4d6 c7d6 a1d1,1496,75,100,3978,advantage long middlegame,https://lichess.org/ZyZtFLuN/black#36,Ruy_Lopez Ruy_Lopez_Cozio_Defense
0Y9P3,7k/4R3/3p4/5Kp1/4P2p/6r1/8/8 b - - 1 42,h4h3 f5g6 g3f3 e7e8 f3f8 e8f8,1500,74,100,3930,endgame exposedKing long mate mateIn3 rookEndgame,https://lichess.org/sWFUK8Xs/black#84,
SkFR7,3R4/5p1p/n4p1k/8/5q2/P6R/5PPP/6K1 b - - 10 29,h6g6 d8g8 g6f5 h3f3 f4f3 g2f3,1501,74,100,3887,crushing endgame long pin,https://lichess.org/NrZLOduk/black#58,
TjTxC,r1b2rk1/pp3ppq/8/3NP3/3b4/6Q1/PPP2PPP/R4RK1 b - - 0 18,c8e6 d5f6 g8h8 f6h7,1502,76,100,2834,crushing kingsideAttack middlegame pin short,https://lichess.org/NpqgggPt/black#36,Petrovs_Defense Petrovs_Defense_Other_variations
Nq02I,8/4bpk1/4p3/1p2P1p1/p2PN1Pn/P1B1Q1K1/1Pq5/8 w - - 7 52,e4g5 c2g2 g3h4 g2h2 e3h3 e7g5 h4g5 h2h3,1506,75,100,6122,crushing deflection endgame master sacrifice veryLong,https://lichess.org/efdiR7Yb#103,
yRVNG,3r4/8/1R1pk3/Q3n3/2P3Pp/1P4nP/4prP1/6K1 w - - 0 41,g1f2 e5d3 f2e3 e2e1q a5e1 d3e1,1507,75,100,3106,advancedPawn advantage deflection endgame long promotion,https://lichess.org/j4zri3MT#81,
vYuyL,3R4/kpN5/p2n1p2/8/1q2P2r/5p2/P4P2/3Q2K1 b - - 0 31,h4e4 d8a8 a7b6 c7d5,1508,77,100,3151,crushing endgame short,https://lichess.org/bxUJxaOg/black#62,
zPz3Z,3r4/8/4R2p/2KP2pk/8/7P/8/8 b - - 0 44,g5g4 h3g4 h5g4 e6h6,1510,76,100,3078,crushing endgame rookEndgame short,https://lichess.org/eXj6eFow/black#88,
yA66j,6k1/6pp/1R1Q2p1/1B2p3/P2nP3/6P1/2r3KP/2q5 w - - 11 32,g2h3 c1h6 h3g4 h6h5,1514,75,100,4408,endgame mate mateIn2 short,https://lichess.org/ulcTuWs5#63,
Uxzqy,3rr3/pp3R1p/2p3pk/3q4/4n1Q1/2P3P1/1P3P1P/4R1K1 b - - 1 26,g6g5 g4h3 h6g6 h3h7,1519,77,100,5231,mate mateIn2 middlegame short triangleMate,https://lichess.org/Eh9J2M3H/black#52,
NDQvn,8/8/5Pp1/1pk1K1n1/3N4/8/8/8 b - - 6 43,b5b4 d4e6 g5e6 e5e6 b4b3 f6f7 b3b2 f7f8q,1520,76,100,4277,advancedPawn crushing endgame knightEndgame promotion veryLong,https://lichess.org/1rLtclDR/black#86,
RxTqJ,8/pr2B1pk/3P4/4P3/7P/8/2r2R2/5K2 b - - 0 48,c2f2 f1f2 h7g6 e5e6 g6f5 d6d7,1521,77,100,4767,advancedPawn advantage endgame long,https://lichess.org/yBYsgyCb/black#96,
8RSFP,2r4k/pp4rp/4q2N/n2pP1B1/3P1P1P/Pn6/1P4K1/3Q1R2 b - - 0 32,g7g6 f4f5 g6g5 h4g5,1521,77,100,3589,advantage fork middlegame short,https://lichess.org/8T5Ek5Wp/black#64,
y2eLm,4r1k1/1p3ppp/1qn5/r1bnp3/2B5/P4N2/1BP2PPP/R2QR1K1 w - - 2 19,d1d5 c5f2 g1h1 a5d5,1522,76,100,2688,advantage discoveredAttack fork middlegame short,https://lichess.org/pL4vDDY8#37,
BpJgk,8/8/8/3kP1Kp/1r3N2/6P1/8/8 b - - 2 52,d5e5 f4d3 e5e4 d3b4 e4f3 g5h4,1525,76,100,2814,crushing endgame fork long,https://lichess.org/SoClEiHn/black#104,
LXz5a,5rk1/5ppp/3p3P/2qNp3/3nP3/5P2/P2Q2P1/5K2 b - - 0 28,c5c2 d5e7 g8h8 h6g7 h8g7 d2g5 g7h8 g5f6,1526,77,100,2700,advancedPawn attraction endgame mate mateIn4 veryLong,https://lichess.org/Cb3FJ2wk/black#56,
0MLAj,8/4k3/4p1p1/4K1P1/7P/8/8/8 w - - 1 64,h4h5 g6h5 g5g6 h5h4 g6g7 e7f7 g7g8r f7g8,1526,74,100,5237,crushing endgame pawnEndgame quietMove veryLong,https://lichess.org/5dhfncb4#127,
YLNfg,4r1k1/1p6/p2q1n1Q/5p2/1PPp4/P2P1B1P/1B3P2/2R1K3 w - - 0 31,e1d2 f6e4 d3e4 d6h6,1528,75,100,4423,advantage discoveredAttack middlegame short,https://lichess.org/6Onr6GyR#61,
BuD0E,2b3rk/p1q1R2p/8/1ppp1p1Q/3p3P/3P2r1/PPPN1P2/4R1K1 w - - 0 30,f2g3 c7g3 g1f1 g3g2,1530,75,100,5494,kingsideAttack mate mateIn2 middlegame short,https://lichess.org/LHQAxFsm#59,
1mlVs,Rnk3r1/2pq1p2/3pbr2/1pb1p2p/4P3/1BPP1N2/1P1N1PP1/Q3R1K1 b - - 3 20,e6b3 a1a6 c8d8 a8b8 d8e7 b8g8,1531,75,100,2602,crushing deflection long middlegame pin queensideAttack skewer,https://lichess.org/Zbk7xlW8/black#40,
dlHks,6k1/5p2/8/1R1p4/3P4/1Pn1PNP1/5rP1/4K3 b - - 3 37,f2f3 b5b8 g8h7 g2f3,1534,75,100,2621,crushing endgame intermezzo short,https://lichess.org/ix4omsRR/black#74,
horHc,8/1p4pk/p5np/2P5/2Q2r2/P4pNq/5P1P/4R1RK w - - 6 33,c4d3 h3h2 h1h2 f4h4,1534,76,100,4949,attraction mate mateIn2 middlegame sacrifice short,https://lichess.org/lWqRFwXy#65,
N7HyF,3R1bk1/5p2/2r1q1p1/p5Np/Pp1Q1P2/7P/1P4P1/7K b - - 6 37,e6f6 d8f8 g8f8 g5h7,1535,79,100,3452,attraction crushing endgame master sacrifice short,https://lichess.org/qLvpAXWR/black#74,
U836e,4rrk1/Q4ppp/4B2q/4p3/2P5/5R2/P1n2PPP/3R2K1 b - - 0 22,e8e6 a7f7 f8f7 d1d8 e6e8 d8e8 f7f8 f3f8,1537,75,100,3878,mate mateIn4 middlegame sacrifice veryLong,https://lichess.org/NMnVQx77/black#44,
Lw1JK,5r1k/2R5/6R1/1Pp3p1/2P1n3/2P3KP/6P1/3r4 w - - 4 40,g3g4 f8f4 g4h5 f4h4,1537,77,100,3877,endgame mate mateIn2 short,https://lichess.org/EdXlRnAM#79,
Wyo4y,1k1r4/1p5p/6p1/8/1PnB4/R2pP1PP/5P2/3K4 w - - 5 31,a3a4 d8d4 e3d4 c4b2 d1d2 b2a4,1537,75,100,3198,advantage endgame exposedKing fork long sacrifice,https://lichess.org/cjzOJVIu#61,
zk0BY,8/p7/1p1r2p1/1Pp1bp2/P1P4k/3rPK2/R7/6R1 b - - 6 45,g6g5 g1h1 e5h2 h1h2,1538,75,100,3211,endgame mate mateIn2 short,https://lichess.org/oy8joY7t/black#90,
6cfzs,3q3k/6p1/p5Qp/2p1N3/P2p1rPP/3P3n/1PP3K1/4R3 b - - 2 30,d8h4 e5f7 f4f7 e1e8 f7f8 e8f8,1538,75,100,3215,clearance endgame long mate mateIn3 sacrifice,https://lichess.org/XQRfrB4K/black#60,
O6Akr,r1b2r1k/pp2n3/3p1q1p/7B/3n4/8/PPP1QPPP/R1B1R1K1 w - - 0 18,e2e7 f6f2 g1h1 f2f1 e1f1 f8f1,1543,76,100,3300,backRankMate long mate mateIn3 middlegame sacrifice,https://lichess.org/RMj8VNmW#35,Elephant_Gambit Elephant_Gambit_Other_variations
6hNqo,8/p4q2/2k5/8/3p4/1KPQ4/1P6/8 w - - 0 38,b3a4 f7a2 a4b4 a7a5,1543,77,100,2815,endgame mate mateIn2 queenEndgame short,https://lichess.org/ZCBX7sk9#75,
oKgix,rnb5/pppp2k1/7n/6qp/2B1P1p1/2NP4/PPP2QP1/R5K1 b - - 3 15,g5f6 f2f6 g7f6 c3d5 f6g5 d5c7 b8c6 c7a8,1547,76,100,3921,advantage attraction exposedKing middlegame trappedPiece veryLong,https://lichess.org/cDE7INIH/black#30,Kings_Gambit_Accepted Kings_Gambit_Accepted_Allgaier_Gambit
Q4oDR,rnb1k2r/pp2ppb1/6pp/2pNP1B1/2B2Pn1/8/PPP3PP/3RK1NR b Kkq - 1 10,h6g5 d5c7 e8f8 d1d8,1548,76,100,5438,fork mate mateIn2 opening short,https://lichess.org/bBgwsgMm/black#20,Pirc_Defense Pirc_Defense_Kholmov_System
kUro9,8/4k3/1KP5/p7/P6p/8/8/8 b - - 2 54,e7d8 b6b7 d8e7 c6c7,1549,74,100,3170,advancedPawn crushing endgame pawnEndgame short,https://lichess.org/YQi467gS/black#108,
DfhED,6k1/2p3pR/p2p1q2/1p4r1/8/1P3P1Q/P4P1K/8 b - - 0 38,f6g6 h7h8 g8f7 h3d7 f7f6 h8f8 f6e5 f3f4 e5d4 f4g5,1551,75,100,2611,advantage endgame fork veryLong,https://lichess.org/mtQYjpAM/black#76,
t0f0D,6rk/p4R2/1p1Q3p/2p5/3bN3/P2P3P/1PP1q1P1/6K1 w - - 1 28,e4f2 e2e1 g1h2 d4e5 d6e5 e1e5,1552,76,100,3132,crushing endgame fork long,https://lichess.org/RnGCFgTB#55,
0nXKW,8/8/8/2k3p1/1p2R1P1/1P1r1K2/8/8 w - - 2 64,e4e3 c5d4 e3d3 d4d3,1556,76,100,3711,crushing endgame rookEndgame short,https://lichess.org/s2O6b20S#127,
40sWZ,6k1/1p5p/1p1p2p1/8/1P2PP2/Pqr3Q1/2r4B/R5RK w - - 1 31,g3g5 c2h2 h1h2 c3h3 h2g2 b3f3,1556,75,100,2702,attraction exposedKing long mate mateIn3 middlegame sacrifice triangleMate,https://lichess.org/Tmaqb5Zi#61,
vN5kN,8/pp3p1k/1b3q1p/3p2pQ/3Nn3/2P5/PP4PP/R5K1 w - - 0 32,a1f1 b6d4 c3d4 f6d4 g1h1 e4f2 f1f2 d4f2,1557,75,100,3793,advantage endgame veryLong,https://lichess.org/kZuwDf15#63,
HX16t,3r2k1/5bp1/p7/5p1p/1p1B1n1P/1B4P1/PPP1R3/6K1 w - - 0 28,e2d2 d8d4 d2d4 f4e2 g1f2 e2d4,1560,77,100,2767,attraction crushing endgame exposedKing fork long sacrifice,https://lichess.org/dNka73np#55,
gA9jf,3r2k1/3b1R1p/p5p1/2N5/2pr4/8/P5PP/5RK1 b - - 0 25,d7b5 c5e6 d4d1 e6d8,1561,76,100,2723,advantage endgame fork master short,https://lichess.org/C3XNt3vk/black#50,
Rg1zC,8/6pk/R3p1r1/3pQ3/6q1/3N3p/5P1P/5K2 w - - 0 34,d3f4 g4d1 e5e1 g6g1 f1g1 d1e1,1572,76,100,2804,attraction clearance deflection endgame long mate mateIn3 pin,https://lichess.org/4bon7ysK#67,
6Qkjs,2q2r1k/3RR1p1/p6p/2pB2r1/2PpQ3/P4pP1/5Pb1/6K1 b - - 17 36,g5h5 e4h7 h8h7 e7g7 h7h8 g7h7,1572,74,100,2662,attraction kingsideAttack long mate mateIn3 middlegame pillsburysMate sacrifice,https://lichess.org/QrFU38Tj/black#72,
BDVyy,8/6kp/p4pp1/q1p1p3/2Bn1P2/2pN4/PrP3PP/K1Q1R3 w - - 3 32,f4e5 d4c2 c1c2 b2c2,1574,76,100,2612,crushing fork middlegame short,https://lichess.org/bcfnEFF2#63,
9kEtU,6rk/6p1/3p1PQp/4p3/1p2P2P/1P1q4/5RPK/8 b - - 0 38,g7f6 g6h6,1575,77,100,3616,endgame master mate mateIn1 oneMove,https://lichess.org/VzOJNYGw/black#76,
zo6eM,r4b1k/2R2Qp1/2p2n1p/1p2p3/7N/2q4P/5PPK/8 b - - 1 30,e5e4 h4g6 h8h7 g6f8 a8f8 f7g7,1575,76,100,2597,long mate mateIn3 middlegame,https://lichess.org/syO46S1I/black#60,
K2lKw,r2qnr1k/4ppbP/p2p3B/2pP4/4P1Q1/2p3R1/PPP3PP/R5K1 b - - 4 19,g7h6 g4g8 f8g8 h7g8q,1578,76,100,3018,advancedPawn kingsideAttack mate mateIn2 middlegame promotion short,https://lichess.org/8iofmRfk/black#38,
JLlNN,6k1/p3P1p1/2p5/8/1P4Q1/P6P/3pqr1K/3R4 w - - 0 40,h2g1 e2e1 d1e1 d2e1q,1579,75,100,3139,advancedPawn endgame mate mateIn2 promotion short,https://lichess.org/1VMWwaxI#79,
7HzUY,br3rk1/4pp1p/3p2p1/qBpP4/P3P3/RP6/1Q3PPP/3R2K1 w - - 1 21,b2d2 b8b5 a4b5 a5a3,1581,75,100,3331,advantage master middlegame short,https://lichess.org/x4aecOcX#41,
9KwG9,8/8/pp6/2k5/2P5/P1K5/8/8 w - - 0 47,a3a4 a6a5 c3d3 c5b4,1584,75,100,3069,crushing endgame master pawnEndgame quietMove short zugzwang,https://lichess.org/JYSf71NC#93,
0qkVG,r1b1k2r/pp2qpb1/4p2p/4P1p1/8/1QN3P1/PP2B1PP/R4RK1 b kq - 0 16,g7e5 b3b5 c8d7 b5e5,1595,74,100,2720,crushing fork middlegame short,https://lichess.org/akHb2ctw/black#32,Sicilian_Defense Sicilian_Defense_Alapin_Variation
DZ6QR,1r3r1k/7p/2QNp3/4P3/3q4/6RP/P1P5/3K2R1 w - - 2 35,d1e2 f8f2 e2e1 d4d2,1596,76,100,3916,mate mateIn2 middlegame short,https://lichess.org/3BAWOyEq#69,
Euzqt,2k4r/Rbqn3r/3b1p2/1pp2Rp1/3PP3/2P3P1/3N1BB1/4Q1K1 w - - 2 25,e4e5 h7h1 g2h1 h8h1,1600,75,100,3003,kingsideAttack master mate mateIn2 middlegame operaMate sacrifice short,https://lichess.org/sNaYXMP9#49,
i5Ana,5k2/pp4pp/4Pq2/1b1p4/8/2P1p3/PP4QP/R5K1 w - - 0 30,g2d5 f6f2 g1h1 b5c6,1601,74,100,1722,crushing endgame pin short,https://lichess.org/olcuLip1#59,
2g3kn,r4rk1/pp3ppp/3b4/3Qnq2/4nB2/2P5/PP2NPPP/RN3RK1 w - - 1 14,b1d2 e5f3 g2f3 f5d5,1601,76,100,2112,advantage discoveredAttack middlegame short,https://lichess.org/sKYN9LyI#27,Caro-Kann_Defense Caro-Kann_Defense_Exchange_Variation
iZxaV,8/5p2/1pk1p1p1/r3P1Pp/PR1P3P/3K4/5P2/8 w - - 2 34,d3c4 a5a4 b4a4 b6b5 c4c3 b5a4,1601,76,100,2849,attraction crushing endgame fork long rookEndgame sacrifice,https://lichess.org/CKJf4ODs#67,
6GyIU,6k1/pq3pp1/6rp/2pN2N1/4P3/6Q1/P4PK1/2R5 w - - 0 37,d5f4 g6g5 g3g5 h6g5,1603,76,100,1953,advantage endgame master pin short,https://lichess.org/LfLnS83v#73,
8y9VD,3Q1nk1/bb3ppp/p1p5/4R1B1/1P6/P4N2/2q2PPP/RN4K1 w - - 1 21,g5e7 c2f2 g1h1 f2f1 f3g1 f1g1,1604,76,100,2316,kingsideAttack long mate mateIn3 middlegame,https://lichess.org/p3f2YRsk#41,
iE4t7,4r1k1/5ppp/1NP5/pP6/3P4/2q2PPb/7P/R2Q3K w - - 3 28,b6d5 e8e1 d1e1 c3f3 h1g1 f3g2,1605,76,100,2190,deflection endgame fork long mate mateIn3 sacrifice,https://lichess.org/fXDzoRjo#55,
pq5Tp,7r/1b5k/p3Pqp1/3p4/1bpP2Q1/2N3P1/1PP4P/R5K1 b - - 2 27,h7g7 a1f1 f6e7 f1f7 e7f7 e6f7,1606,76,100,1929,advancedPawn advantage fork long middlegame,https://lichess.org/gRWnuejb/black#54,
QYwF8,4r3/2R2ppk/7p/8/Pp2n3/1P4B1/2P1rPPP/3R2K1 w - - 4 28,g1f1 e4d2 f1g1 e2e1 d1e1 e8e1,1609,75,100,2227,backRankMate endgame long mate mateIn3,https://lichess.org/BGw46bNQ#55,
VQzw2,3r4/1p4kp/p4qp1/8/5NP1/P5Q1/1PPr4/1K1b2RR w - - 8 36,f4h5 g6h5 g4h5 g7h8,1611,75,100,1829,advantage defensiveMove middlegame short,https://lichess.org/7hDaXCbc#71,
dEPaC,8/8/5R2/2P5/6k1/5p2/4p3/4K3 w - - 1 55,f6f5 g4f5 c5c6 f5e6 c6c7 e6d7 c7c8q d7c8,1612,76,100,3336,crushing endgame hangingPiece veryLong,https://lichess.org/9tITQgDm#109,
lMIXO,8/pp6/2pR2kp/4qNn1/1Pb1P3/P7/8/4R1K1 b - - 6 34,g6h5 d6h6 h5g4 h6h4 g4f3 e1e3,1613,74,100,2425,endgame long mate mateIn3,https://lichess.org/pcFqxWOt/black#68,
QEwdo,8/8/1PP5/4b3/4kp2/6p1/6Kp/3R4 w - - 0 60,c6c7 f4f3 g2h3 g3g2 c7c8q h2h1q d1h1 g2h1q,1613,75,100,1920,advancedPawn crushing endgame exposedKing promotion veryLong,https://lichess.org/WZRWra2L#119,
OkoUk,R7/3pq1k1/6p1/1b2p1P1/1p1pPb1Q/1P1r3B/8/7K b - - 5 39,d3h3 h4h3 f4g5 h3h8 g7f7 h8g8 f7f6 a8f8 e7f8 g8f8,1614,76,100,2627,advantage endgame veryLong,https://lichess.org/8v6Twp1e/black#78,
Nq5Ip,4r3/pp4k1/6p1/5pNp/8/8/P1p2PPP/2R3K1 w - - 0 29,g5f3 e8d8 g1f1 d8d1 f1e2 d1c1,1616,75,100,1793,crushing endgame long quietMove,https://lichess.org/DYXAtAcY#57,
dCRbY,6k1/5r2/p5p1/4Q3/1pP3q1/1P3pP1/P4P1K/R3R3 w - - 1 32,a1d1 f7h7 h2g1 h7h1 g1h1 g4h3 h1g1 h3g2,1620,76,100,1771,attraction endgame mate mateIn4 sacrifice veryLong,https://lichess.org/DBxlaODr#63,
LyzGJ,5r1k/3q4/3P3p/4p2P/4b3/3Q4/4N3/1B5K w - - 0 41,d3e4 d7h3 h1g1 f8f1,1620,76,100,3279,endgame mate mateIn2 short,https://lichess.org/3kHkDNgo#81,
HqEGT,2r3k1/p5p1/b2N3p/4pq2/2rp4/1P1Q1P1P/PK2R1P1/3R4 b - - 1 40,c4c2 e2c2 c8c2 d3c2,1623,77,100,2662,crushing middlegame short,https://lichess.org/R5x7UM7N/black#80,
7rf3T,8/1R1R2b1/p4p1k/P5p1/6qp/2P3B1/1PB2PK1/4r3 w - - 0 40,d7g7 h4h3 g2h2 e1h1 h2h1 g4f3 h1g1 f3g2,1625,75,100,3187,attraction endgame master mate mateIn4 sacrifice veryLong,https://lichess.org/cYJjj4Wd#79,
bZz9s,4q1rk/pp3ppp/4pn2/3rN3/7Q/6R1/PPP2PPP/4R1K1 b - - 12 24,f6d7 h4h7 h8h7 g3h3,1625,75,100,2984,attraction kingsideAttack mate mateIn2 middlegame sacrifice short,https://lichess.org/CfOhRkCI/black#48,
Cq3r5,4r1k1/p4p2/4r1p1/1QP4p/P6P/5qB1/1R6/3R2K1 w - - 0 35,d1d3 e6e1 g3e1 e8e1 g1h2 e1h1,1626,75,100,3044,exposedKing killBoxMate long mate mateIn3 middlegame sacrifice,https://lichess.org/MBRYxg42#69,
IgC2U,2r5/7p/p4pp1/8/1P6/P1RK1k2/5P1P/8 b - - 0 36,c8c3 d3c3 f6f5 a3a4 f3f2 b4b5,1628,75,100,1760,crushing endgame long quietMove,https://lichess.org/AOmNR6Gd/black#72,
bXYm3,r3R1k1/pp3rpn/1q5p/3p4/8/8/PP2Q1PP/5R1K b - - 1 24,f7f8 f1f8 h7f8 e8a8,1629,75,100,1725,advantage middlegame short,https://lichess.org/O2Rpbx38/black#48,
belqQ,5k2/7R/5PP1/7P/8/2b5/4K3/6r1 b - - 0 50,c3f6 h7f7 f8g8 f7f6 g1h1 f6f5,1630,75,100,2228,crushing defensiveMove endgame fork long,https://lichess.org/71y0OBuD/black#100,
oCXIQ,4r1k1/r5b1/p2p2Q1/1pp2N2/4q1P1/2P5/PP5P/5RK1 b - - 3 30,e8e6 f5h6 g8h8 f1f8 g7f8 g6g8,1631,76,100,2775,exposedKing long mate mateIn3 middlegame sacrifice,https://lichess.org/Bm68vjBM/black#60,
GiO1n,5r2/R6k/3p1p1p/3NpNnP/1p2P3/4R3/1P3q2/7K b - - 5 44,f8f7 d5f6 h7h8 a7a8 f7f8 a8f8,1632,75,100,2067,long mate mateIn3 middlegame pin,https://lichess.org/6MX5B0FG/black#88,
gEnVy,r4rk1/pp6/4b3/1Nnpb3/3N1p1q/3B2p1/PPP1QPP1/R4RK1 w - - 0 21,f2g3 f4g3 f1f8 a8f8,1633,75,100,2322,crushing middlegame short,https://lichess.org/6m1gi7X0#41,
zRF5i,1r2r1k1/p4p2/5qpp/2p5/3n4/1P1P2P1/P1P2PBP/R2Q1RK1 w - - 3 18,f1e1 e8e1 d1e1 d4c2,1636,75,100,2215,crushing middlegame short,https://lichess.org/NLAuSZ7v#35,Sicilian_Defense Sicilian_Defense_Closed
8eXcv,5rk1/5pp1/3P4/p2qPQ2/7P/Pr5P/1P4RK/5R2 w - - 3 33,f5f6 d5g2 h2g2 g7f6,1636,74,100,3347,advantage endgame short,https://lichess.org/fC4nbFjY#65,
vmdSD,5R2/P7/7p/3b4/6p1/2P5/2PK1pkP/8 w - - 0 52,d2e2 d5f3 f8f3 g4f3,1638,77,100,3015,crushing endgame short,https://lichess.org/qwbCXMHh#103,
YtnE8,r1k5/p1p1BB2/1p1pN3/n1b1p2n/Q3P2P/2PP2r1/PP5K/RN3b2 w - - 0 22,f7h5 g3h3,1642,76,100,1800,mate mateIn1 middlegame oneMove,https://lichess.org/LzUWgnCa#43,
QDniT,r5k1/5pb1/2N4p/4nBpP/p1P5/5RP1/P3rPK1/7R w - - 3 36,f3e3 e2e3 f2e3 e5c6,1643,75,100,1721,advantage middlegame short,https://lichess.org/14SofuMi#71,
9zGw9,1r2r3/p4p1k/bp2pP1b/2pp1BPQ/5q1P/3P4/PPP2P2/R3R1K1 b - - 0 26,f4f5 h5h6 h7g8 h6g7,1644,76,100,3358,mate mateIn2 middlegame short,https://lichess.org/7UC6m5Fa/black#52,
ClR3v,R7/3P1pkp/1b3pp1/1B6/Pp2P1P1/1P4K1/3r3P/8 w - - 5 40,a8b8 b6c7 g3f3 c7b8,1648,75,100,1764,advantage endgame fork short,https://lichess.org/LZFBe51u#79,
SO0eD,3n3r/p4p1p/1p1k1PpP/4p3/3pN3/P1r2BP1/5PK1/3R4 b - - 1 32,d6e6 f3g4 e6d5 e4c3,1653,75,100,2135,advantage endgame pin short,https://lichess.org/4S4kgy3a/black#64,
Llq8k,8/R5pk/1p4rp/4Pp2/5P2/1P1P1Q1P/P2q1RP1/2r3K1 w - - 3 35,g1h2 d2e1 f2f1 e1f1 f3f1 c1f1,1653,75,100,2154,crushing endgame long,https://lichess.org/Jk6qjqD3#69,
uUfbw,4r1k1/p3rppp/8/2p5/3b4/1P2NR2/P1P2BPP/3R2K1 w - - 6 27,e3f5 e7e1 d1e1 e8e1,1653,77,100,2062,mate mateIn2 middlegame pin short,https://lichess.org/NsFH364h#53,
oFdVV,r1b1r1k1/5p1p/2q3p1/p7/2p1P3/Q3B3/P3BPPP/5RK1 b - - 1 26,c6e4 e2f3 e4d3 a3d3 c4d3 f3a8,1659,74,100,2492,advantage long middlegame,https://lichess.org/tGhhtrhc/black#52,
0wkrk,6k1/5p2/p3p2p/3bP1p1/1P1P4/R3P1P1/2r1B2P/4K3 w - - 0 32,a3a6 c2e2 e1e2 d5c4 e2f2 c4a6,1659,75,100,1727,advantage attraction endgame exposedKing fork long sacrifice,https://lichess.org/q1pCxLwj#63,
4iKjr,r4rk1/ppp1Qp1p/6p1/8/6N1/1q6/5PPP/5RK1 b - - 3 22,f7f5 g4h6 g8h8 e7e5 f8f6 e5f6,1665,75,100,2606,endgame long mate mateIn3,https://lichess.org/uAxaxDr3/black#44,
iHjzW,3rr2k/p1p2p1p/5P2/3Q4/4Np2/5Pq1/PPP1K3/R4R2 w - - 7 24,d5f7 e8e4 f3e4 g3e3,1669,74,100,3537,mate mateIn2 middlegame sacrifice short,https://lichess.org/gdkSjRMb#47,
A2qgb,rnb2rk1/2q2ppp/p3p3/1p1p2Q1/1b1P4/2NB1N2/PP3PPP/2R2RK1 b - - 3 13,c7e7 d3h7 g8h7 g5h5 h7g8 f3g5 e7g5 h5g5,1671,75,100,2154,advantage attraction kingsideAttack middlegame sacrifice veryLong,https://lichess.org/4U5lQvGA/black#26,Sicilian_Defense Sicilian_Defense_Smith-Morra_Gambit_Deferred
Ugmxc,4r1k1/1bp3pp/p7/1nB2q2/p7/5P2/P2Q2PP/2RR2K1 w - - 0 28,d2d7 e8e1 d1e1 f5d7,1672,75,100,2350,advantage deflection master middlegame short,https://lichess.org/dRoTwk9p#55,
JdGK9,6k1/8/p5p1/1p1pN1Pp/2pP1Q2/P1P1KPP1/1Pb5/6q1 w - - 5 43,e3d2 g1d1 d2e3 d1e1,1676,75,100,1902,endgame mate mateIn2 short,https://lichess.org/9LLWUxtH#85,
bCOxX,1r3rk1/4bppp/p3pn2/1pq1Q3/2Pp4/3P2P1/P1N2PBP/1R2R1K1 b - - 1 22,b5c4 b1b8 c5e5 b8f8 g8f8 e1e5,1678,75,100,1770,advantage kingsideAttack long middlegame,https://lichess.org/KW5dSGcp/black#44,
llMdt,6k1/5p2/6p1/4N2p/p4P2/q5P1/4QK2/8 w - - 0 67,e2e3 a3e3 f2e3 a4a3,1679,76,100,3150,crushing endgame master short,https://lichess.org/PED782hk#133,
jCLsq,2Q5/3P1pkp/6p1/p7/1p3B2/6PK/8/1q6 w - - 2 43,d7d8q b1h1 h3g4 h1h5,1681,76,100,2592,endgame mate mateIn2 short,https://lichess.org/wGjgtNY3#85,
d6GJu,8/8/R7/6p1/P3NbP1/5k2/r7/3K4 w - - 0 50,e4f6 a2d2 d1c1 d2d6 c1c2 d6a6,1682,75,100,2383,crushing discoveredAttack discoveredCheck endgame exposedKing long,https://lichess.org/YHhMMlvE#99,
seYcZ,1rn2rk1/1p4pp/pRp1q1n1/3pP3/Q1PP1p2/3B1P2/P2B2PP/4R1K1 w - - 2 24,c4d5 c8b6 d5e6 b6a4,1686,75,100,1733,advantage hangingPiece middlegame short,https://lichess.org/wqL6rORE#47,
W1rlv,8/2KP2k1/5b2/2P5/8/4P3/1r3P1p/5R2 b - - 0 40,b2f2 f1f2 h2h1q f2f6 g7f6 d7d8q,1695,75,100,2147,advancedPawn attraction crushing endgame long promotion,https://lichess.org/wScYYfNy/black#80,
FW9LQ,8/p1kp4/b1p4p/1p5R/2PPP3/1B1KP3/PP2R2P/5rr1 w - - 0 28,h5h6 b5c4 b3c4 f1d1 d3c3 d1c1,1699,76,100,2216,advantage endgame fork long,https://lichess.org/0cKV1EqK#55,
vIobs,3r3k/1b3n1p/p4p2/2p2N2/6QP/Pq6/5PP1/4R1K1 b - - 3 30,d8g8 g4g8 h8g8 e1e8,1701,75,100,1234,attraction mate mateIn2 middlegame sacrifice short,https://lichess.org/TZxue7WV/black#60,
QKJKe,6k1/3b1ppp/p3P3/8/3Q1P2/5BP1/6KP/q1r5 w - - 0 32,d4a1 c1a1 e6d7 a1a2 g2f1 a2d2,1701,75,100,1258,crushing endgame long,https://lichess.org/bwm9zDoG#63,
p6kln,2k5/pp6/4P1Rp/8/8/1P5P/6PK/1r6 b - - 0 33,b1b3 g6g8 c8c7 e6e7,1701,75,100,1784,advancedPawn crushing endgame rookEndgame short,https://lichess.org/1rZNJ9ev/black#66,
VEa0m,3R4/8/5pk1/1r1p4/3K3p/5P2/6P1/8 w - - 0 43,d8d5 b5d5 d4d5 g6f5 d5d6 f5f4,1702,75,100,1209,crushing endgame long rookEndgame,https://lichess.org/57KhdW4Q#85,
yoIJC,8/p7/2p5/8/2P3p1/1P4k1/P7/6K1 b - - 0 52,c6c5 b3b4 c5b4 c4c5 g3f4 c5c6,1704,75,100,1218,crushing endgame long pawnEndgame quietMove,https://lichess.org/k43dARNx/black#104,
xrHJJ,r2q1rk1/2pn1pp1/3pb2N/p3pN2/1p2P3/1P1PP2P/1PP3P1/R2Q1RK1 b - - 0 17,g7h6 d1g4 d8g5 f5h6 g8h7 g4g5,1706,74,100,1955,crushing intermezzo kingsideAttack long middlegame pin,https://lichess.org/BmCP9xZ1/black#34,Three_Knights_Opening Three_Knights_Opening_Other_variations
YdSKz,r5k1/1b3rp1/2q1p1Qp/p3B1n1/8/2P1R3/P1B3PP/R6K w - - 9 30,a1g1 c6g2 g1g2 f7f1,1707,75,100,1359,kingsideAttack mate mateIn2 middlegame pin sacrifice short,https://lichess.org/BY4GunvM#59,
QJTyc,3r4/p2nk1pp/3Q1p2/8/4P1B1/3P1KB1/Pr4PP/7q b - - 0 27,e7e8 d6e6 e8f8 g3d6,1709,76,100,1601,mate mateIn2 middlegame short,https://lichess.org/sReoV76L/black#54,
s49pZ,7R/8/8/7P/6k1/5p2/3r1P1K/8 w - - 2 62,h2g1 g4h3 h8e8 d2d1 e8e1 d1e1,1709,74,100,2390,endgame long mate mateIn3 rookEndgame,https://lichess.org/csnSES4n#123,
Iznrj,7k/1p6/p2p3p/3P2r1/2P1R1Bn/PP5P/7K/8 w - - 3 34,g4e6 h4f3 h2h1 g5g1,1709,77,100,1358,arabianMate endgame mate mateIn2 short,https://lichess.org/5IhKRZKJ#67,
hfhWH,r4rk1/pp1n2pp/P1p5/R4p2/3PB3/1q3P2/1P1Q1P1P/6RK w - - 2 21,e4f5 b3f3 g1g2 f8f5,1711,75,100,1562,advantage intermezzo kingsideAttack middlegame short,https://lichess.org/hu2OBGKQ#41,
El1i0,5q1k/7p/3p1r2/8/3PQp2/2P1n3/PP2N2P/6RK w - - 5 34,e2f4 f6f4 e4e3 f8a8 g1g2 f4f1,1712,75,100,1315,advantage endgame long,https://lichess.org/RgOZ8d2N#67,
xgUiY,5R2/8/6pB/4b1P1/p1R4p/3krp1P/P4K2/8 w - - 6 49,f8c8 e5g3 f2g1 e3e1,1713,75,100,2157,endgame mate mateIn2 pillsburysMate short,https://lichess.org/f64OwoXe#97,
abuaP,1rr3k1/6nR/3pp1p1/6P1/qp2P3/P4P2/1PPQ4/1K5R w - - 0 25,d2d6 a4c2 b1a1 c2c1 h1c1 c8c1 a1a2 b4b3,1718,75,100,1285,mate mateIn4 middlegame queensideAttack sacrifice veryLong,https://lichess.org/5xDw98Im#49,
u5hoW,r4k1r/pp1q1pp1/2p4p/3bB3/PP1P4/8/4Q1PP/2R1R1K1 b - - 0 21,a8e8 e5d6 f8g8 e2e8 d7e8 e1e8,1719,75,100,1284,crushing deflection discoveredAttack long middlegame,https://lichess.org/O5lUxvkG/black#42,
vmtdX,1k1b3r/p7/PpQ1p3/1P6/3P1q2/2P2B2/5K1r/R3R3 w - - 5 33,f2g1 f4g3 f3g2 h2h1,1720,75,100,1880,mate mateIn2 middlegame pin short,https://lichess.org/i5nCRKXn#65,
8mDNj,8/5k2/2pp1p2/p4K1p/P1PP3P/8/8/8 b - - 0 40,c6c5 d4d5 f7g7 f5e6 f6f5 e6f5 g7f7 f5g5,1721,74,100,1431,crushing endgame pawnEndgame quietMove veryLong zugzwang,https://lichess.org/xuGOCNCP/black#80,
jkZEt,8/7p/4KP1r/3P1R2/4k1n1/8/8/8 b - - 0 54,h6f6 f5f6 g4f6 d5d6 f6d5 d6d7,1722,76,100,1517,advancedPawn crushing endgame long,https://lichess.org/61OPcLqG/black#108,
3Fn7t,r4rk1/1p3ppp/p3n3/3NP1q1/8/P2Q1R2/1P4PP/R5K1 b - - 3 21,g5e5 d5e7 g8h8 d3h7 h8h7 f3h3 e5h5 h3h5,1722,76,100,1701,anastasiaMate attraction mate mateIn4 middlegame sacrifice veryLong,https://lichess.org/L7it5PM0/black#42,
vfpow,r1bqr1k1/2p1bpp1/p3p3/1p1nn1PQ/3P4/3B4/PPPB1P2/2KR3R b - - 1 17,e5g6 h5h7 g8f8 h7h8 g6h8 h1h8,1723,76,100,1460,backRankMate long mate mateIn3 middlegame sacrifice,https://lichess.org/mVAzE98p/black#34,French_Defense French_Defense_Rubinstein_Variation
quhBs,8/KP6/4k3/8/8/8/p4p2/1r1R4 w - - 5 65,b7b8q a2a1q,1723,76,100,1690,advancedPawn endgame master mate mateIn1 oneMove promotion,https://lichess.org/pCP90Ia5#129,
OaywR,2kr3r/pp1n1ppp/1qpBp3/P7/1P6/2nB1Q2/5PPP/R3R1K1 b - - 0 16,b6d4 f3c6 b7c6 d3a6,1725,78,100,1365,bodenMate mate mateIn2 middlegame queensideAttack sacrifice short,https://lichess.org/Bnn2mb9q/black#32,Caro-Kann_Defense Caro-Kann_Defense_Two_Knights_Attack
bAo4u,R7/5p1k/6pb/3P4/p2q4/7Q/6PK/8 w - - 6 39,h3c8 h6f4 g2g3 d4f2,1725,78,100,1210,crushing endgame short,https://lichess.org/EoFBsbcr#77,
hDA8X,8/4K3/7p/5pp1/3k1P2/6P1/7P/8 w - - 0 47,e7f6 g5f4 g3f4 d4e4 f6g6 e4f4,1729,75,100,1773,crushing endgame long pawnEndgame,https://lichess.org/ow0kZWj1#93,
f5kcv,5r2/8/2Pk4/8/1P2P3/4KNp1/8/8 w - - 1 48,b4b5 g3g2 e4e5 d6c7 e5e6 f8f3,1729,75,100,1367,advancedPawn crushing defensiveMove endgame long,https://lichess.org/kuBjYiZq#95,
2HoXq,7r/p1Q5/1p4pk/5p2/6bq/3P2N1/PPP2PPP/4R1RK w - - 7 27,c7a7 h4h2 h1h2 h6g5 a7h7 h8h7 g3h5 h7h5 h2g3 f5f4,1731,75,100,1440,discoveredAttack mate mateIn5 middlegame sacrifice veryLong,https://lichess.org/LYM5sxcU#53,
m1HuU,r1bq1k1r/pp3pp1/1bp2n1p/3p4/7B/PQ1B1N2/1P3PPP/R2R2K1 b - - 1 19,c8g4 h4f6 d8f6 b3b4 f8g8 b4g4,1733,75,100,1212,advantage fork long middlegame,https://lichess.org/bi35wTGc/black#38,
stMSp,8/3R2pk/8/1P5p/3R3P/6PK/1r3r2/8 w - - 0 57,g3g4 f2f3,1735,77,100,1205,endgame mate mateIn1 oneMove rookEndgame,https://lichess.org/PzN2r5UT#113,
vBrA2,1r3q2/pp5k/1npN2pp/2b1Q1B1/8/2P5/PP4PP/R6K w - - 3 25,g5h6 c5d6 h6f8 d6e5,1741,75,100,2162,advantage middlegame short,https://lichess.org/Fv6c6amR#49,
ZBNjc,r2q1r2/ppp1np1k/3p1Q1p/3Pp1PP/2P5/8/PP5N/2KR3R b - - 0 21,e7g8 g5g6 f7g6 h5g6,1743,76,100,1286,mate mateIn2 middlegame short,https://lichess.org/otdwrCj0/black#42,
2TSKg,4r3/7p/p3k3/1p1pPr2/8/2R3P1/PP5P/4R1K1 b - - 2 31,f5e5 e1e5 e6e5 c3e3 e5d4 e3e8,1743,74,100,1591,attraction crushing endgame long rookEndgame skewer,https://lichess.org/QwHwVnTi/black#62,
a7R7c,4r1k1/6pp/3B4/2ppP3/4p1Q1/2PbP3/pq2r1PP/2R2RK1 b - - 1 39,d3b1 g4e6 e8e6 f1f8,1746,75,100,1224,kingsideAttack mate mateIn2 middlegame sacrifice short,https://lichess.org/xObWJGSA/black#78,
7qVnB,r5k1/1p3ppp/p1q1pn2/4Q3/3P4/2rN4/4KPPP/2R4R b - - 17 28,a8c8 c1c3 c6c3 h1c1 c3c1 d3c1,1746,76,100,1223,advantage clearance long middlegame,https://lichess.org/xZZLJAfr/black#56,
Fi2wD,4r2k/1p4bP/3p4/p1pP4/2Pp1PQ1/2qB4/P1P2KPP/1R6 w - - 1 29,b1b7 c3e1 f2f3 e1e3,1749,74,100,1928,endgame mate mateIn2 short,https://lichess.org/iwMPMFvf#57,
iHWr9,r2q1k1r/1QN2ppp/p7/8/1b1nn3/5N2/PP3PPP/R1B2RK1 w - - 2 15,c7a8 d4e2 g1h1 e4f2 f1f2 d8d1 f3e1 d1e1 f2f1 e1f1,1755,75,100,1233,deflection fork mate mateIn5 middlegame sacrifice veryLong,https://lichess.org/oxEHKIF2#29,Caro-Kann_Defense Caro-Kann_Defense_Accelerated_Panov_Attack
IPgyL,6k1/5p2/1Q2p3/p3P1K1/P3q3/6r1/6P1/1R6 w - - 0 37,g5f6 e4h4,1758,75,100,1393,endgame mate mateIn1 oneMove,https://lichess.org/KfiGGY8h#73,
J2Y57,8/5p2/3k4/2bP2B1/2K3pp/7P/8/8 b - - 0 45,g4g3 g5f4 d6e7 c4c5,1760,76,100,1695,bishopEndgame crushing deflection endgame short,https://lichess.org/DSVI3bcN/black#90,
R5lQW,8/8/1p4p1/p1p1k1P1/P1P2p1P/1P3K2/8/8 w - - 1 44,f3g4 e5e4 h4h5 g6h5 g4h5 f4f3 g5g6 f3f2,1763,75,100,1646,advancedPawn crushing endgame pawnEndgame veryLong,https://lichess.org/6eelUAXM#87,
k5M16,8/5k1B/3pR2P/2pP2p1/1pP4r/1P4K1/1p6/3n4 b - - 2 40,d1c3 h7g6 f7g8 e6e8,1769,76,100,1873,endgame mate mateIn2 pillsburysMate short,https://lichess.org/yuZeLlWJ/black#80,
XYbUd,8/8/6p1/p2k1p1p/1p1r1P1P/1P2RKP1/P7/8 b - - 1 53,d4e4 e3e4 f5e4 f3e3 d5c5 e3e4,1776,75,100,1377,crushing endgame long rookEndgame zugzwang,https://lichess.org/on695zgm/black#106,
XMmDB,8/5R2/5N1k/1p2PP2/6p1/1rn3P1/p4K1P/8 b - - 2 39,a2a1q f7h7 h6g5 h7h5,1780,75,100,1201,endgame hookMate mate mateIn2 short,https://lichess.org/DA7ELvw3/black#78,
hzc9D,r1b2rk1/pp4pp/4p3/6q1/4Bp2/1Q4B1/PPP3K1/R4R2 b - - 1 22,g5g3 b3g3 f4g3 e4h7 g8h7 f1f8,1781,74,100,1221,advantage deflection long middlegame,https://lichess.org/69QXeeiw/black#44,
cTQaV,4rrk1/5pp1/2ppn3/p3pN2/4P3/P1PP4/B7/3K2R1 b - - 2 29,e8d8 f5e7 g8h7 g1h1,1793,77,100,1835,anastasiaMate endgame master mate mateIn2 short,https://lichess.org/cuo5f5n6/black#58,
u4o0N,r2q1r1k/pp1nN1pp/1b3p2/3p4/3N1R2/2P4P/PPQ3P1/4R1K1 b - - 4 25,d7e5 c2h7 h8h7 f4h4,1794,76,100,1703,anastasiaMate attraction kingsideAttack mate mateIn2 middlegame sacrifice short,https://lichess.org/Mj6t4QRD/black#50,
Jpa8j,3r2k1/4pp2/p5p1/4K3/P1r5/7B/7P/1R5R w - - 1 25,h1d1 f7f6 e5e6 c4e4,1794,77,100,2158,endgame mate mateIn2 short,https://lichess.org/LXB751IN#49,
ns1Ed,br4r1/3k2p1/1q5p/2RnPP2/3Q4/5N1P/6P1/6K1 b - - 2 40,b8c8 c5d5 a8d5 d4b6,1796,76,100,1407,advantage discoveredAttack middlegame short,https://lichess.org/au3JDTt8/black#80,
SsCKw,5rk1/ppp2ppp/8/3NPp2/5P2/4P1q1/PPPK4/6RR b - - 0 17,g3f3 d5f6 g8h8 h1h7,1797,78,100,2175,arabianMate endgame kingsideAttack mate mateIn2 pin short,https://lichess.org/nRRkkQbf/black#34,Queens_Pawn_Game Queens_Pawn_Game_London_System
g8cAw,2kr3r/pp2n3/6p1/2p1N3/2N1P3/P1P5/4n1PP/3R1RK1 w - - 1 21,g1h1 h8h2 h1h2 d8h8,1799,76,100,1529,anastasiaMate attraction mate mateIn2 middlegame sacrifice short,https://lichess.org/IngcoL3K#41,
fQ35o,8/6pk/6rp/ppR1Q1n1/4P3/PP3P1P/1P1r2PK/2R5 w - - 3 34,c1c2 g5f3 h2h1 d2d1,1799,77,100,1401,endgame mate mateIn2 pin short,https://lichess.org/y3IWyYWe#67,
LI8vc,r4r1k/1p2p1bp/6R1/6B1/2Bp1P2/q7/b1Q3P1/3K3R b - - 0 24,a3a4 h1h7 h8h7 g6h6,1800,76,100,1462,attraction doubleCheck mate mateIn2 middlegame sacrifice short,https://lichess.org/kOT8ciOl/black#48,
n07HE,6k1/4qpnp/p5pB/2bQP3/P1Pp3P/6R1/2P3PK/1r6 b - - 2 28,g7f5 d5a8 e7f8 h6f8,1802,75,100,1609,advantage middlegame short,https://lichess.org/OQKLdlPe/black#56,
WKTWp,4r2k/pp5P/3b1p1B/3p4/2qPr3/P4R2/1P1Q4/1K5R b - - 2 31,e4e2 h6g7 h8g7 d2h6 g7h8 h6f6,1803,75,100,1743,attraction deflection exposedKing long mate mateIn3 middlegame sacrifice,https://lichess.org/BbCP4xL6/black#62,
iQITy,3r2k1/p5p1/8/3B1R1p/8/1P1pP1q1/P2P3p/5R1K b - - 1 29,g8h7 f5h5 h7g6 d5f7,1803,75,100,1381,endgame mate mateIn2 short,https://lichess.org/ax9GptLt/black#58,
rGwtJ,8/4k3/6p1/1p1BKbP1/2pP4/2P5/8/8 w - - 3 43,d5c6 b5b4 c3b4 c4c3 c6a4 c3c2 a4c2 f5c2,1804,74,100,882,advancedPawn bishopEndgame crushing endgame master veryLong,https://lichess.org/P3r9M76I#85,
u2W72,r7/pQ5p/1p4pk/8/1P2P3/P2P1q1r/4nPRP/2RN3K w - - 5 30,b7a8 h3h2 h1h2 f3h5,1805,78,100,1345,anastasiaMate attraction mate mateIn2 middlegame pin sacrifice short,https://lichess.org/omjGeLdi#59,
8Q1sY,r2q4/pppn2k1/3pQp2/3Pp1r1/5bP1/N1P2K2/PP6/R6R b - - 6 22,d7c5 h1h7 g7h7 e6f7 g5g7 a1h1 f4h6 h1h6 h7h6 f7h5,1806,74,100,1032,attraction mate mateIn5 middlegame sacrifice veryLong,https://lichess.org/D74cHZJt/black#44,
roeE9,1k2r2r/p1pQ4/3p4/6b1/P7/6p1/4B1PP/4R1K1 w - - 0 30,h2g3 g5e3 g1f1 h8h1,1806,75,100,950,endgame mate mateIn2 short,https://lichess.org/rlZXGrUM#59,
GVkUC,8/7p/5p1k/1pp2P2/p3P2P/P1PK4/8/8 w - - 1 35,d3e3 b5b4 c3b4 c5b4 a3b4 a4a3 b4b5 a3a2,1812,75,100,1049,advancedPawn crushing endgame pawnEndgame veryLong,https://lichess.org/8KAI29GL#69,
Qj8Gc,4r1k1/pQp2ppp/8/8/nP4P1/P6P/K1PR4/4r3 w - - 3 29,a2b3 a4c5 b4c5 e1b1 b3c4 b1b7,1813,76,100,1322,advantage endgame long sacrifice skewer,https://lichess.org/8kAR6KP7#57,
TC24j,8/p3k1bp/1p4p1/P1pP4/2Pp1P2/6P1/1B4KP/8 w - - 0 30,a5a6 d4d3 b2c1 g7c3 g2f3 d3d2 c1d2 c3d2,1814,76,100,1148,advancedPawn bishopEndgame clearance crushing endgame quietMove veryLong,https://lichess.org/iuPVcYmS#59,
uV8Gs,2n3k1/1p3rb1/p1p2qRQ/4pN2/6PN/1PPrp3/1P6/2K4R w - - 0 32,f5g7 f6f1 h1f1 f7f1 c1c2 d3d2,1816,75,100,1224,long mate mateIn3 middlegame sacrifice,https://lichess.org/wF74h7f9#63,
2OBnc,5r1k/5pp1/2p2r1p/1p3Nq1/p1n1P3/P1P1P2P/1P2Q1P1/1B2R2K b - - 10 29,g7g6 h3h4 g5h5 g2g4 f6f5 g4h5,1819,74,100,1055,advantage long middlegame trappedPiece,https://lichess.org/FOK5vJX0/black#58,
zW4E0,5b1k/1q1r2pp/R2P1p2/Q3rN2/4p3/P6P/5PP1/2R3K1 w - - 1 32,c1c5 e5c5 a5c5 b7a6,1819,76,100,2348,advantage middlegame short,https://lichess.org/A7hZvFOk#63,
LXe4G,4R3/1p3p2/p2b1k1p/3P1pp1/P2K2P1/1P1R1P1P/8/2r5 w - - 6 40,e8h8 d6c5,1820,75,100,976,endgame mate mateIn1 oneMove,https://lichess.org/MWO0Wvxk#79,
6AwNF,r1b2rk1/ppp2p1p/2n3p1/5q2/3p1B1P/Q5P1/PPP2P2/2KRR3 b - - 1 18,b7b5 a3f8 g8f8 f4h6 f8g8 e1e8,1821,75,100,890,attraction kingsideAttack long mate mateIn3 middlegame sacrifice,https://lichess.org/F3iaeM8C/black#36,Englund_Gambit Englund_Gambit_Other_variations
9Z4Iz,6k1/p3r1p1/2p2n1p/Pp1p4/1P6/2QBK1P1/5Pq1/1R4R1 w - - 1 31,e3d4 g2f2,1828,77,100,1261,mate mateIn1 middlegame oneMove,https://lichess.org/wTCQEfd0#61,
WR2iz,r2qk2r/3n1pp1/p2Bp1p1/1p6/8/1Q1B1P2/PP4PP/3R2K1 b kq - 1 21,a8c8 b3e6 f7e6 d3g6,1830,78,100,1804,bodenMate deflection mate mateIn2 middlegame sacrifice short,https://lichess.org/gM9PELYH/black#42,
eXbnu,6k1/4r1r1/pb2q2p/4P3/P3Q3/1p5N/6P1/1B1R3K b - - 1 42,e6g4 e4a8 g8f7 d1f1,1833,74,100,937,crushing master middlegame short,https://lichess.org/9p19URuK/black#84,
76Olj,8/8/8/p1p5/2P5/k3K3/8/5B2 w - - 2 68,f1d3 a3b2 e3e4 a5a4 e4d5 a4a3 d5c5 a3a2,1834,74,100,912,advancedPawn bishopEndgame crushing endgame quietMove veryLong,https://lichess.org/HIlNyGLq#135,
SPMTD,7k/1p6/3R4/1pB2p2/1P1P2n1/6P1/7P/5rNK w - - 7 42,h1g2 f1f2 g2h3 f2h2,1838,77,100,1051,endgame hookMate mate mateIn2 short,https://lichess.org/loiofKuh#83,
nzzFp,4r3/pk3ppp/1pbR4/8/5B2/2N3P1/PPP2P1n/5K2 w - - 0 26,f1g1 e8e1 g1h2 e1h1,1839,75,100,1359,endgame mate mateIn2 operaMate sacrifice short,https://lichess.org/EeYISrmR#51,
htQeM,5k2/4n3/4PQ2/q2p1p2/2pPqP1K/6B1/8/8 b - - 3 57,f8e8 f6h8 e7g8 h8g8 e8e7 g8f7 e7d6 f7d7,1840,74,100,1501,endgame exposedKing mate mateIn4 veryLong,https://lichess.org/SPXPuuI0/black#114,
KLrIO,1kr5/pp6/2P2p2/5qp1/Q1Rpp3/P2P2P1/4KP1r/2R1B3 w - - 0 28,c6b7 f5f3 e2d2 f3d3,1840,76,100,902,mate mateIn2 middlegame short,https://lichess.org/5utSv3zY#55,
cxS4f,6k1/2p3p1/7Q/pp1p2R1/3Pp3/2P5/PPK1q3/8 w - - 2 33,c2b3 e2d1 b3a3 d1a4,1842,74,100,1435,endgame mate mateIn2 short,https://lichess.org/Ha96QuzB#65,
3bsA7,5Rrk/2p5/p2p2r1/1p5p/3bPQN1/1P1P3P/2q3P1/5R1K b - - 1 28,h5g4 f8g8 h8g8 f4f7 g8h8 f7g6,1845,77,100,1387,attraction crushing exposedKing fork long middlegame,https://lichess.org/MpKORViD/black#56,
e04HW,2b2rk1/p5pp/2P1p3/6q1/5p2/2QBP3/P4KPP/5R2 w - - 0 28,e3f4 g5f4 f2e2 f4f1,1845,74,100,1149,crushing endgame short,https://lichess.org/buGH5cq9#55,
QS0NY,r1b2rk1/pp3ppp/2p1n3/5N1Q/1PB2q2/4R3/P1P2PPP/R5K1 b - - 2 18,f4c4 f5e7 g8h8 h5h7 h8h7 e3h3 c4h4 h3h4,1846,76,100,1487,anastasiaMate attraction kingsideAttack mate mateIn4 middlegame sacrifice veryLong,https://lichess.org/P5VsXaxM/black#36,Philidor_Defense Philidor_Defense_Morphy_Gambit
4yEgM,8/R6p/4k2P/2pr1pK1/4p3/4P3/5P2/8 b - - 5 63,d5d7 a7d7 e6d7 g5f5 d7c6 f5e4,1848,76,100,1164,crushing endgame long rookEndgame,https://lichess.org/FYwX1pk7/black#126,
9o6QA,8/ppQ1p1kp/3p1pp1/3q4/3P3P/1r4P1/5P2/4R1K1 b - - 1 34,d5d4 e1e7 g7h6 e7h7,1850,74,100,964,endgame mate mateIn2 short,https://lichess.org/yrohB8rB/black#68,
t0fA4,1R6/3R2pk/p4p1p/3N2r1/6P1/5PKP/5Q2/2q3r1 w - - 3 50,g3h4 g5h5 g4h5 c1g5,1851,74,100,1050,clearance mate mateIn2 middlegame sacrifice short,https://lichess.org/5I1Hx0l7#99,
MTrsK,6r1/1p3R1k/p2p3B/3q4/P5PK/r6P/5Q2/8 b - - 0 35,h7h6 f2f6 g8g6 f6h8,1851,75,100,889,endgame mate mateIn2 short,https://lichess.org/zfJlZhT1/black#70,
qPH7z,2kr3r/pp1n1pp1/2p1p2p/q7/2B1QB2/P2P3P/2P2PP1/R3b1K1 b - - 1 15,a5c3 e4c6 b7c6 c4a6,1853,78,100,1717,bodenMate mate mateIn2 middlegame queensideAttack sacrifice short,https://lichess.org/dsLGZWb2/black#30,Scandinavian_Defense Scandinavian_Defense_Main_Line
gXfyR,8/1p1r1k2/2p2p2/1p1qpQ1p/6r1/1P6/PP4RP/6RK b - - 3 29,d7d8 f5h5 f7e7 h5g4,1857,74,100,1346,advantage endgame fork short,https://lichess.org/ZH5bpxHf/black#58,
1HWm0,3q1r1k/pp2p2p/3pQ1p1/7P/4P3/2r5/P1P2PP1/2KR3R b - - 0 18,d8c7 h5g6 c3c2 c1b1 c7b6 b1c2,1858,76,100,1031,crushing endgame long,https://lichess.org/ZV0R8AIn/black#36,Sicilian_Defense Sicilian_Defense_Dragon_Variation
8DI3K,r1bk1b1r/ppp2Bpp/2npP3/8/6Q1/6P1/PPP2P2/RNB2KNq b - - 2 10,c6e5 c1g5 f8e7 g5e7 d8e7 g4g5 e7f8 g5d8,1861,76,100,913,attraction mate mateIn4 opening veryLong,https://lichess.org/9jSCVG7t/black#20,Bishops_Opening Bishops_Opening_Ponziani_Gambit
4HAyN,1r3r1k/p5b1/1p1R3p/5q2/4N1n1/1Q3p1P/PP3P1B/4R1K1 w - - 0 28,h3g4 f5g4 h2g3 g4h3 b3f3 f8f3,1862,76,100,1104,crushing long middlegame,https://lichess.org/ECwpqHIC#55,
7uoqb,4Q3/pBN3bk/3p1qp1/7p/2P5/1P4PK/P6P/8 w - - 4 37,c7e6 f6f1 h3h4 g7f6 e6g5 f6g5 h4g5 f1f5 g5h4 f5g4,1866,75,100,1075,attraction endgame mate mateIn5 veryLong,https://lichess.org/APDsacx4#73,
yIOrH,8/5k1p/2P1p1p1/3p4/P3p1P1/5b1P/1P3rB1/6RK b - - 1 41,f3g2 g1g2 f2g2 h1g2 f7e7 b2b4 e7d6 b4b5,1866,75,100,890,crushing defensiveMove endgame quietMove veryLong,https://lichess.org/pY9cy8gT/black#82,
pPRCr,4Q3/2B5/4q1p1/4k2p/1p2p2P/2b1P1P1/5K2/3q4 b - - 3 59,e5d5 e8b5,1866,76,100,1440,endgame master mate mateIn1 oneMove,https://lichess.org/wd7Gcpxs/black#118,
KTxMG,2rr2k1/1b3Npp/p3p3/1p1p3P/6P1/2P3q1/PP1N1R2/1K2Q3 b - - 0 25,d8f8 f7h6 g7h6 f2f8 g8f8 e1g3,1867,75,100,1043,crushing discoveredAttack kingsideAttack long middlegame,https://lichess.org/Ay4JLXuF/black#50,
Dg8JY,8/p4k2/1pp5/5p1p/3Pp2P/4P1P1/PP3K2/8 w - - 2 38,b2b4 f7e6 f2e1 e6d5 e1d2 d5c4,1869,75,100,879,crushing endgame long pawnEndgame,https://lichess.org/HrYZs49u#75,
h5A0I,8/r7/1n1kp3/2p1Np2/2P2Pp1/pK2P3/R6P/8 b - - 3 40,b6d7 a2d2 d6e7 e5c6 e7f6 c6a7,1874,76,100,918,crushing endgame fork long master masterVsMaster,https://lichess.org/0LAi1lKs/black#80,
5UybD,8/8/6N1/8/7P/2ppk3/8/3K4 w - - 0 53,g6e5 c3c2 d1c1 d3d2 c1c2 e3e2 c2c3 d2d1q,1880,76,100,1415,advancedPawn crushing endgame exposedKing knightEndgame promotion veryLong,https://lichess.org/R4Ymg5d0#105,
AQdIx,8/ppp2pQ1/5P2/8/2P1b2P/KPkr4/P7/8 w - - 9 36,g7f7 d3d6 f7e8 d6a6 e8a4 a6a4 b3a4 e4g6,1881,74,100,965,crushing defensiveMove endgame veryLong,https://lichess.org/FbdaW5d2#71,
bMJxg,r4rk1/ppp2ppp/8/3N1Q2/2q5/3R4/Pb3PP1/5RK1 b - - 1 20,a8d8 d5e7 g8h8 f5h7 h8h7 d3h3 c4h4 h3h4,1881,76,100,1078,anastasiaMate attraction mate mateIn4 middlegame sacrifice veryLong,https://lichess.org/3YfDPJgY/black#40,
6YJOq,8/6pk/p1Qbq2p/1p1p4/1P1PpPb1/P3B1P1/6BP/6K1 w - - 4 28,c6a6 d6f4 a6e6 f4e3 g1f1 g4e6,1885,74,100,1098,crushing endgame long sacrifice,https://lichess.org/YY8QTHsn#55,
pJXY0,r5r1/7k/p3b1R1/1pp4p/1q5P/3QPP2/2P1K3/6R1 b - - 4 29,b4c4 g6g7 h7h8 g7h7,1888,77,100,920,collinearMove doubleCheck mate mateIn2 middlegame short,https://lichess.org/z0WbQAwT/black#58,
bIlqD,2k5/ppp2p1p/5np1/qQb5/8/1P3P2/1PP3PP/1Kr2B1R w - - 0 22,b1c1 a5e1,1890,76,100,1042,endgame mate mateIn1 oneMove,https://lichess.org/KwHWjaIP#43,
9f3JJ,8/p4p1k/1p2p1pp/2rnQ3/7R/5P1P/6PK/1q6 b - - 0 36,b1f5 h4h6 h7h6 e5h8 h6g5 h3h4 g5f4 h8d4 f5e4 d4e4,1891,76,100,1202,attraction endgame mate mateIn5 sacrifice veryLong,https://lichess.org/BkvM514T/black#72,
9FNii,4r1k1/QR6/2p4p/3b2q1/6pN/7P/PPP2PP1/6K1 w - - 2 31,b7b8 g5c1 g1h2 c1f4 g2g3 f4b8,1894,76,100,911,advantage endgame long,https://lichess.org/VkknBYwQ#61,
Z86Mx,8/8/4b3/1p1p2p1/1P1P1P1k/7P/6K1/3B4 b - - 0 45,g5f4 g2f3 e6h3 f3f4,1901,75,100,1152,bishopEndgame crushing endgame short,https://lichess.org/27yhk8DX/black#90,
qzNaD,4rr2/pp6/2pR2p1/4p1k1/8/PB2K1P1/5P1P/8 b - - 0 32,f8f6 h2h4 g5f5 g3g4 f5g4 d6f6,1903,76,100,792,advantage deflection endgame long,https://lichess.org/bov6BEN6/black#64,
63vX3,r5r1/4qp1k/4bR1n/p1p1Q3/Pp2P3/3P3P/BPP3P1/7K b - - 2 32,g8g5 e5g5 h6g8 f6h6 g8h6 g5e7,1909,74,100,959,advantage deflection discoveredAttack exposedKing hangingPiece long middlegame,https://lichess.org/0B3dOEDy/black#64,
095AS,8/6p1/2p3p1/2Ppk1P1/1P3p1P/2K2P2/8/8 b - - 3 46,d5d4 c3c4 e5e6 c4d4,1909,76,100,847,crushing defensiveMove endgame pawnEndgame short zugzwang,https://lichess.org/mD9V7Kys/black#92,
sVHdb,5k2/pp2b1pQ/2qnp1Bp/3p4/8/P5BP/1P3PP1/6K1 b - - 4 29,e7f6 g3d6 c6d6 h7h8 f8e7 h8e8,1909,75,100,738,endgame long mate mateIn3,https://lichess.org/WR9AKKVu/black#58,
sMuqN,3q1rk1/p2bbppp/8/3Q2N1/5P2/8/PPr3PP/R1B2RK1 w - - 0 16,d5d3 c2g2 g1g2 d7c6,1911,75,100,986,advantage attraction kingsideAttack middlegame sacrifice short,https://lichess.org/Re8e3o4g#31,Italian_Game Italian_Game_Two_Knights_Defense
d5Bw6,rn2r1k1/ppp1qppp/3p1n2/3P1b2/1PPQ4/P1N1P3/5PPP/R3KBNR w KQ - 1 12,f1d3 c7c5 b4c5 d6c5 d4f4 f5d3,1912,74,100,837,advantage long opening,https://lichess.org/OcSzZ54w#23,Englund_Gambit_Declined Englund_Gambit_Declined_Other_variations
U2jnW,6R1/1p3Pk1/p5p1/7p/8/1Bq4P/P3n1P1/7K b - - 1 34,g7h7 f7f8n h7h6 g8g6,1916,77,100,1024,advancedPawn endgame mate mateIn2 promotion short underPromotion,https://lichess.org/e92xAfco/black#68,
ts3F5,1k3r2/1p6/2bp4/4r1K1/8/Q5P1/R6P/8 w - - 14 45,g5g4 c6d7 g4h4 f8h8,1920,76,100,924,endgame mate mateIn2 short,https://lichess.org/lrigqXAS#89,
kiErN,8/8/p7/3k3P/r3p1R1/6P1/4K3/8 b - - 0 47,d5d4 h5h6 a4a2 e2f1 d4e3 h6h7,1923,76,100,742,advancedPawn crushing defensiveMove endgame long rookEndgame,https://lichess.org/26ST97yp/black#94,
LP16D,8/8/6p1/P2p2P1/P3p3/2PK1k2/8/8 w - - 0 41,d3d4 e4e3 a5a6 e3e2 a6a7 e2e1q a7a8q e1e3 d4d5 e3e4 d5d6 e4a8,1923,76,100,752,advancedPawn crushing endgame pawnEndgame promotion skewer veryLong,https://lichess.org/v5XvBxpi#81,
Q8Kro,5rk1/p6p/6pb/1Np5/2P5/N1P3Pb/PP5P/4R1K1 w - - 10 29,b5d6 h6e3 g1h1 f8f2 d6e4 h3g2,1925,75,100,953,crushing endgame long,https://lichess.org/g62SHJ0Y#57,
tenrS,r1b2rk1/pp5p/2pbp3/3pNp2/2PP2p1/1P2qPPn/PBQ1P1BP/R4R1K w - - 3 18,f3g4 e3g1 f1g1 h3f2,1925,76,100,1283,kingsideAttack mate mateIn2 middlegame sacrifice short smotheredMate,https://lichess.org/smJrRsZ4#35,Queens_Pawn_Game Queens_Pawn_Game_Zukertort_Variation
m9Y5i,8/1p2Q2p/2p3qk/2Pp1pn1/3P4/4PPP1/5BK1/8 b - - 7 39,h6h5 f3f4 g5f3 g2f3,1928,74,100,786,crushing endgame short,https://lichess.org/QSE969r4/black#78,
Wl1US,8/8/5q1r/6kp/4QP2/P3P3/6K1/8 b - - 0 49,g5g4 f4f5 g4g5 e4f4,1936,75,100,736,discoveredAttack endgame mate mateIn2 short,https://lichess.org/QuFeLPFt/black#98,
qojJU,r4r2/pb3ppk/4q3/8/5Q2/2P4P/P4PP1/3R1RK1 b - - 0 20,a8d8 d1d8 f8d8 f4h4 h7g6 h4d8,1937,74,100,855,advantage attraction fork long master middlegame,https://lichess.org/nqbTf0Sq/black#40,
suB0t,r1b4N/ppkp2pp/3b4/2p1n3/5qn1/2P5/PP2BPPP/RN1Q1RK1 w - - 2 17,e2g4 e5f3 g2f3 f4h2,1939,75,100,738,kingsideAttack mate mateIn2 middlegame sacrifice short,https://lichess.org/VutJsk78#33,French_Defense French_Defense_Franco-Sicilian_Defense
yQOTq,2r5/pp2kp2/4p1p1/4P3/5PP1/PP1p4/1K5R/8 b - - 1 27,f7f6 h2h7 e7d8 h7h8 d8d7 h8c8,1940,77,100,1037,crushing endgame long rookEndgame,https://lichess.org/YkBIBIXA/black#54,
VHD2I,8/2k4p/5Kp1/8/6P1/8/8/8 b - - 0 41,c7d6 g4g5 d6d5 f6g7 h7h5 g5h6,1940,75,100,738,crushing enPassant endgame long pawnEndgame quietMove,https://lichess.org/dbhTwV2B/black#82,
66Rd7,r3kb1r/pp3pp1/1qp2n1p/4B3/6b1/1P1BP3/P1PN1PPP/R2QK2R w KQkq - 1 11,d2f3 g4f3 g2f3 b6a5,1942,75,100,775,advantage opening short,https://lichess.org/AHj2aqWg#21,Indian_Defense Indian_Defense_Accelerated_London_System
YGJMQ,r6r/1pknp1b1/1qp1p3/2Np3P/p2P2N1/2Q5/PPP2P2/2KR3R b - - 1 22,d7c5 d4c5 b6b5 c3g7,1942,77,100,1036,advantage discoveredAttack middlegame short,https://lichess.org/pmiwMVcw/black#44,
Zlqj5,4r2k/1R4R1/2r4B/5bpp/2n2K1P/3p4/P2N4/8 w - - 0 44,f4f5 e8e5,1943,76,100,1166,master mate mateIn1 middlegame oneMove,https://lichess.org/VyZmcbXd#87,
hrsZ8,4r1k1/ppp3pp/2n5/3p4/6b1/1NP1rN2/PP2B1PP/4RR1K w - - 2 18,e2d1 e3e1 f3e1 g4d1,1944,75,100,834,advantage capturingDefender middlegame short,https://lichess.org/hx5gkYHZ#35,Englund_Gambit Englund_Gambit_Soller_Gambit
3KjFT,rb3rk1/1p1q1ppp/2p5/p2bB2Q/5R2/PP1P3P/2P3PK/R7 b - - 3 21,g7g6 h5h7 g8h7 f4h4 h7g8 h4h8,1948,75,100,908,attraction kingsideAttack long mate mateIn3 middlegame sacrifice,https://lichess.org/u2QD7kVK/black#42,
n9wDr,7k/1p4rp/1bpp4/3P3n/2P2pq1/P1Q2Np1/1PB2PP1/3R1RK1 w - - 8 33,d5c6 g3f2 f1f2 g4g2,1952,76,100,1252,advancedPawn discoveredAttack kingsideAttack mate mateIn2 middlegame pin short,https://lichess.org/rDYpgbgZ#65,
PJQxj,8/2p2r2/1p1p3p/pP4p1/P1P2k2/3KR2P/6P1/8 b - - 9 54,f7f5 g2g3,1953,75,100,1005,endgame master mate mateIn1 oneMove rookEndgame,https://lichess.org/VCqc1d2h/black#108,
oHbYl,3r4/1p2qpk1/2p1p1p1/p2rP3/6R1/2P3Q1/P1P2P1P/6RK b - - 6 30,d5d1 g4g6 f7g6 g3g6 g7h8 g6h6 e7h7 h6f6 h7g7 f6g7,1956,76,100,889,endgame mate mateIn5 sacrifice veryLong,https://lichess.org/Sz9RxWjv/black#60,
6h0Uo,2Rrb1k1/1P3pp1/4p2p/Q7/P2pq3/2K5/5P1P/2R5 w - - 0 41,c3b4 e4b7 b4a3 d8c8 c1c8 b7c8,1958,75,100,823,crushing endgame long,https://lichess.org/05g0mgz4#81,
vAsts,2kr3r/pp1n1pp1/2p1q1p1/2bn4/Q1B2B1P/6N1/PPP2PP1/2KRR3 b - - 13 18,e6g4 a4c6 b7c6 c4a6,1960,78,100,1556,bodenMate mate mateIn2 middlegame queensideAttack sacrifice short,https://lichess.org/FgIcw5uD/black#36,Caro-Kann_Defense Caro-Kann_Defense_Classical_Variation
WGGLs,r4rk1/ppp3b1/4p1p1/3p2B1/3P2PQ/3PP3/qP6/2K4R b - - 0 21,c7c5 h4h7 g8f7 h1f1 f7e8 h7g6 e8d7 g6g7 d7c6 f1f8,1968,77,100,1256,advantage deflection exposedKing fork middlegame veryLong,https://lichess.org/fzh0sRqV/black#42,
dDgvA,2kr3r/pp1n1p1p/2pQp3/3n4/3P4/P1qB1PBP/2P2P2/R4RK1 b - - 4 20,c3d4 d6c6 b7c6 d3a6,1970,77,100,1107,bodenMate mate mateIn2 middlegame queensideAttack sacrifice short,https://lichess.org/3WZZAAUc/black#40,
Ljxmg,4k1B1/p1prb3/1p5B/1Q6/3q1N1p/8/4K2P/5R2 w - - 0 31,g8e6 d4e4 e2f2 e7c5,1970,74,100,1015,advantage master middlegame short,https://lichess.org/UidYkE6W#61,
giHcE,8/8/6k1/5p1p/5Kp1/5PP1/6P1/8 w - - 0 53,f4e5 g4f3 g2f3 g6g5 f3f4 g5g4 e5e6 g4g3,1971,76,100,887,crushing endgame pawnEndgame veryLong zugzwang,https://lichess.org/SFJibR57#105,
QEOYY,8/2r2k2/3Rb1p1/6r1/2p5/2Q3K1/2P5/8 w - - 0 44,g3h4 g5h5 h4g3 h5h3 g3f2 h3c3,1971,75,100,1121,crushing endgame long skewer,https://lichess.org/U0jS5bdo#87,
P2WmE,1k1r1br1/pp1B1p2/1n1q3p/1Q1Pp1p1/4P3/1P2B1P1/P4P1P/2R2RK1 b - - 0 21,b6d7 e3a7 b8a7 b5a5 d6a6 a5d8,1973,75,100,1368,advantage attraction fork long middlegame sacrifice,https://lichess.org/vwRL40WF/black#42,
LI4XE,8/8/p7/1p1P4/1P2K1pk/8/1P6/8 b - - 0 52,g4g3 d5d6 g3g2 d6d7 g2g1q d7d8q,1976,75,100,733,advancedPawn crushing endgame long pawnEndgame promotion,https://lichess.org/HTrecEMD/black#104,
jXEUf,8/3k3p/2R2pp1/3P4/rp2KPP1/7P/8/8 w - - 6 40,c6f6 b4b3 e4e5 a4b4,1979,77,100,842,clearance crushing discoveredAttack endgame rookEndgame short,https://lichess.org/yA99aorB#79,
hY9nY,4kb1r/2B2ppp/Q1p1pq2/8/3P4/8/1PP2P1P/4K3 b k - 1 16,f8e7 a6c6 e8f8 c6a8 e7d8 c7d8,1979,75,100,847,crushing endgame long,https://lichess.org/KMYKAN5R/black#32,St_George_Defense St_George_Defense_Other_variations
ulfIa,r1b1k2r/pppp1pp1/8/2b1p3/3nP1P1/2N3q1/PPP2PB1/R1BQR1K1 w kq - 0 12,f2g3 d4e2 g1f1 e2g3,1980,77,100,1064,doubleCheck kingsideAttack master mate mateIn2 opening short,https://lichess.org/v0O6ulng#23,Vienna_Game Vienna_Game_Paulsen_Variation
JPMxs,2k5/1p3R2/4P3/3r1p1p/1p4pP/3p4/3K1PP1/8 b - - 1 31,b4b3 f7f8 c8c7 e6e7 d5e5 e7e8q e5e8 f8e8,1980,75,100,1007,advancedPawn crushing endgame promotion rookEndgame veryLong,https://lichess.org/GGMcJfCf/black#62,
BDMGt,8/p4B2/2k2p2/1p2p3/3nP1K1/5P2/P6P/8 b - - 2 36,a7a5 h2h4 c6d6 h4h5 d6e7 f7d5,1980,74,100,747,crushing defensiveMove endgame long quietMove,https://lichess.org/1d78kWjH/black#72,
1GgJu,r1bqk2r/pp2pp1p/6p1/3n2Q1/1P1b4/8/P2B1PPP/3RKBNR b Kkq - 1 12,d4f6 f1b5 e8f8 g5d5 d8d5 d2h6 f6g7 h6g7 f8g7 d1d5,1981,75,100,785,advantage clearance opening sacrifice veryLong,https://lichess.org/hLdkJJvK/black#24,Caro-Kann_Defense Caro-Kann_Defense_Accelerated_Panov_Attack
fReXg,8/8/1p6/3N4/6kp/P1P3p1/6K1/8 w - - 9 74,d5b6 h4h3 g2g1 g4f3 b6d5 h3h2 g1h1 g3g2 h1h2 f3f2,1984,75,100,796,advancedPawn crushing defensiveMove endgame exposedKing knightEndgame veryLong,https://lichess.org/dRywXuXw#147,
7Yhqs,8/3p1k2/2bQ4/5p2/4qP2/6P1/PP3R1P/6K1 w - - 2 42,f2d2 e4e1,1984,76,100,760,endgame mate mateIn1 oneMove,https://lichess.org/w9cZhr9N#83,
K7u6I,8/6Q1/2p2B1p/3p1k2/6P1/3b3P/PPr2P1K/5q2 b - - 0 40,f5f4 g7h6 f4e4 h6e3,1988,75,100,762,endgame mate mateIn2 short,https://lichess.org/QbVx3rwe/black#80,
8M4A6,8/p7/4k3/1PP2N1p/4NK2/8/8/6r1 w - - 1 45,c5c6 g1f1 f4e3 f1f5,1989,76,100,823,crushing deflection endgame short skewer,https://lichess.org/49DJ7CRz#89,
gYGUl,r5nr/pp4pp/3pQ1k1/2qN1pB1/2P1b3/5N2/PP3bPP/R4K1R b - - 7 15,g8f6 d5f4,1989,76,100,874,mate mateIn1 middlegame oneMove,https://lichess.org/Ec8uSgDj/black#30,Englund_Gambit Englund_Gambit_Other_variations
eGY8g,6rk/p1p1q1pp/b3N3/3p1r2/8/2Q3R1/PPP2P1P/2K3R1 b - - 0 24,e7e6 g3g7 e6h6 g7g5 g8g7 c3g7 h6g7 g5g7,1993,74,100,846,crushing discoveredAttack middlegame veryLong,https://lichess.org/uppqycHc/black#48,
7rvUy,r2qr1k1/pp3pbp/2p3p1/3p1n2/5BP1/1PNQ3P/1PP2P2/R3R1K1 b - - 0 16,f5h4 e1e8 d8e8 f4g5,1993,75,100,908,advantage kingsideAttack middlegame short,https://lichess.org/MmSUaKbZ/black#32,Modern_Defense Modern_Defense_Other_variations
UD4oB,1k1r3r/2p1bpq1/1pPp1n2/4p3/2P1P2p/Q5P1/PP3PB1/R1B2RK1 b - - 2 23,h4g3 a3a6 h8h1 g2h1 g3f2 g1f2 f6e4 h1e4,1997,76,100,749,crushing middlegame veryLong,https://lichess.org/2XB6MAXr/black#46,
3RMZ3,8/1p6/1p3k2/8/PPp2pP1/2P5/6K1/8 b - - 7 38,f6g6 g2f3 b6b5 a4b5,2001,76,100,633,crushing endgame pawnEndgame short,https://lichess.org/FkgVBoqX/black#76,
iqIeM,3r4/3r2p1/5p1p/8/3Nnk1N/2P5/2K3R1/8 b - - 9 50,g7g5 h4g6 f4e3 g2e2,2002,76,100,691,endgame hookMate mate mateIn2 short,https://lichess.org/Yidk5HtT/black#100,
3wThG,8/8/2KB4/p7/1p1k3P/8/8/8 w - - 0 73,d6b4 a5b4 h4h5 d4e5 h5h6 e5f6 h6h7 f6g7 h7h8r g7h8 c6b5 b4b3 b5a4 b3b2,2003,75,100,702,advancedPawn crushing endgame hangingPiece veryLong,https://lichess.org/8pmk3nHI#145,
amkcD,8/p7/8/2Q2K1P/8/8/6q1/2k5 b - - 9 62,c1d2 c5d4 d2c2 d4e4 g2e4 f5e4,2004,76,100,582,crushing endgame long queenEndgame,https://lichess.org/MTNHwaUY/black#124,
NY2gR,8/1p3pkn/7p/1P1Q1P2/3pP2q/6B1/5K2/r4B2 b - - 3 44,h4g5 d5d4 f7f6 d4a1,2005,75,100,652,advantage endgame fork short,https://lichess.org/yRw2L4VP/black#88,
wKjY8,6r1/4kr2/pp1p1p2/3P1R1p/1Pq1P3/P4Q1P/6P1/5RK1 w - - 0 39,f5f6 c4d4 f3f2 d4f6 f2f6 f7f6,2010,75,100,565,crushing endgame long,https://lichess.org/oFIkjwm4#77,
KniyN,2rq1r1k/pb1pn1p1/1p2pbB1/6N1/3P4/2PQ4/P4PPP/R1B1R1K1 b - - 6 17,e7g6 d3h3 g6h4 h3h4 h8g8 h4h7,2011,77,100,763,kingsideAttack long mate mateIn3 opening,https://lichess.org/bFbXpSQg/black#34,Sicilian_Defense Sicilian_Defense_Delayed_Alapin_Variation
0WQT9,r1b2rk1/pp3ppp/1q1bp3/3pN3/3Pn3/3B2B1/PPP2PPP/1R1QK2R b K - 2 12,e4g3 d3h7 g8h8 h2g3,2012,75,100,621,crushing intermezzo opening short,https://lichess.org/tPynfdOL/black#24,Horwitz_Defense Horwitz_Defense_Other_variations
yvHcc,3r1k1r/2p3pp/p3Q3/2bB2p1/P2pPq1n/8/3N1P1P/R4RK1 b - - 9 22,d8d6 e6c8 f8e7 c8c7 d6d7 c7c5,2014,75,100,594,advantage fork long middlegame,https://lichess.org/soTLEiwN/black#44,
MCANe,6k1/r1p5/P2P3p/1Pp5/N1Qbq1p1/5R2/6KP/8 b - - 0 35,g8h7 c4f7 d4g7 f7f5 e4f5 f3f5,2014,75,100,646,advantage endgame long,https://lichess.org/JolMhrSE/black#70,
0JLPX,3r2k1/R6p/5Kp1/4N3/1p3nPP/5P2/8/8 b - - 0 49,b4b3 a7g7 g8f8 e5d7 d8d7 g7d7,2015,75,100,826,crushing endgame long,https://lichess.org/pCpmhZqt/black#98,
2AVax,7r/p1pk2p1/1pn1p3/1N1p1n2/3P2Q1/2P1P1P1/PP3P1r/R4RK1 w - - 0 23,f2f3 h2h1 g1f2 h8h2 f2e1 h1f1 e1f1 f5e3 f1g1 e3g4,2016,76,100,583,advantage attraction exposedKing fork middlegame veryLong,https://lichess.org/MofWCL9w#45,
7iMyc,5rkr/4Rpbp/pqp3p1/8/5QP1/P7/BPP4P/R6K b - - 2 22,b6b2 a2f7 f8f7 f4f7,2017,76,100,761,mate mateIn2 middlegame short,https://lichess.org/WB23ped9/black#44,
D5awu,r3r1k1/pp3ppp/4b2B/3R4/2Q5/q1P5/P1P2P2/1K4R1 b - - 2 23,e6d5 g1g7 g8h8 g7g8 e8g8 c4d4 f7f6 d4f6 g8g7 f6g7,2018,75,100,631,fork mate mateIn5 middlegame sacrifice veryLong,https://lichess.org/BEg2CR7I/black#46,
R6190,8/1p6/pP6/4k3/K1P5/8/8/8 w - - 1 45,a4a5 e5d6 a5b4 d6c6,2020,75,100,638,crushing endgame pawnEndgame short,https://lichess.org/RiqIlZ2L#89,
a7Ruq,4r1k1/1b2qp2/p5pP/8/2p1p3/2Q3N1/PP4P1/1K1R4 b - - 1 30,e7e5 d1d8 g8h7 d8e8 e5c3 b2c3,2021,75,100,800,advantage endgame long,https://lichess.org/0Zt9FFCe/black#60,
ldm50,r1bqr3/5kpp/p1p2n2/1pB5/1P1Pp3/P2B2QP/2P2PP1/R3R1K1 w - - 0 20,d3e4 e8e4 e1e4 f6e4 g3f3 e4f6,2023,74,100,555,advantage defensiveMove long middlegame,https://lichess.org/zWzK3dXp#39,
Mshi9,8/5pk1/1p2p1p1/p3P3/2Q5/3BPq1p/PP3P1P/6K1 w - - 0 30,d3e4 f3g4 g1h1 g4d1 c4f1 d1f1,2024,76,100,723,endgame long mate mateIn3,https://lichess.org/wLbOMIl7#59,
ix9l0,2R2n2/1R4pk/3br1qp/3Q2p1/3P4/4PN1P/5PP1/5K2 w - - 5 30,c8d8 g6d3 f1e1 e6e3 f2e3 d6g3,2026,76,100,623,long mate mateIn3 middlegame sacrifice,https://lichess.org/HnOyrw5m#59,
l6U7M,8/4pk1p/8/1p1P4/6PP/R1K5/6r1/8 w - - 2 42,g4g5 g2g3 c3b4 g3a3 b4a3 f7g6 a3b4 g6h5,2026,75,100,755,crushing endgame rookEndgame veryLong,https://lichess.org/sY6eRLKe#83,
LqJiU,6rk/ppp1nr1p/3p4/3P3R/2q1Pp2/P1P2QN1/5P2/2K4R b - - 0 25,f4g3 f3f6 g8g7 h5h7 h8g8 h7h8,2029,74,100,1013,collinearMove kingsideAttack long mate mateIn3 middlegame,https://lichess.org/N4CQmEPy/black#50,
hRgy0,5rk1/r2b2pp/B4b2/1Pp5/3qP3/P1R1B1P1/7P/4QRK1 b - - 2 30,d4c3 e1c3 f6c3 f1f8 g8f8 e3c5 f8f7 c5a7,2029,75,100,565,advantage attraction fork middlegame veryLong,https://lichess.org/FliuLn3I/black#60,
BtvN4,r2qk2r/pbpn1ppp/1p2p3/3n4/1b1P4/2N2P1P/PP1BP1P1/R2QKBNR w KQkq - 2 9,c3d5 d8h4 g2g3 h4g3,2029,77,100,631,mate mateIn2 opening short,https://lichess.org/Nhgx3KQy#17,Queens_Gambit_Declined Queens_Gambit_Declined_Normal_Defense
J9uQw,r3r1k1/pp4q1/2b1pp2/2Pp3Q/3P4/2P1R3/P4PPP/R5K1 b - - 2 22,g8f8 e3g3 g7f7 h5h6 f8e7 g3g7,2034,76,100,729,advantage exposedKing long middlegame pin,https://lichess.org/ENyRk2bL/black#44,
CIWAS,6k1/p4p2/1p2qp1p/3p4/3P1R2/2r1P2P/P3Q1PK/2r2R2 b - - 5 34,c3e3 e2g4 e6g4 f4g4 g8f8 f1c1,2039,74,100,792,crushing endgame long master,https://lichess.org/rcDoR5g3/black#68,
ucS8D,r1b1kb1r/pp3pp1/2n1pq1p/3p2NQ/3P4/3B4/P1P2PPP/R1B2RK1 b kq - 1 11,c6d4 g5f7 g7g6 d3g6,2039,75,100,562,advantage attackingF2F7 opening short,https://lichess.org/yG9eC0iJ/black#22,Queens_Pawn_Game Queens_Pawn_Game_Hubsch_Gambit
BY3oc,3rk1r1/pp3p1p/1q2bQ2/6N1/3n4/8/PPP2PPP/R3R1K1 b - - 4 18,g8g6 f6f7,2047,79,100,950,attackingF2F7 mate mateIn1 middlegame oneMove pin,https://lichess.org/FZ4moaSW/black#36,Trompowsky_Attack Trompowsky_Attack_Other_variations
O3vDw,1k2rr2/ppp1nq2/2bb2p1/3p4/7B/2PB2N1/PP1QRPPP/R5K1 w - - 1 21,a1e1 d6f4 d2c2 g6g5 h4g5 f4g5,2049,74,100,555,advantage long middlegame trappedPiece,https://lichess.org/kQvo251U#41,
tcNZK,8/8/1B6/P4p1p/2k2b1P/2P1p3/2K5/8 b - - 0 49,f4b8 a5a6 e3e2 c2d2 e2e1q d2e1,2050,75,100,556,bishopEndgame crushing endgame long,https://lichess.org/DqiG62N5/black#98,
lKwkH,5rk1/pp2b1p1/4p1Qp/4P3/3qNP2/2rP4/P1p3PP/2R2R1K b - - 3 24,d4d3 g6e6 f8f7 e4c3,2050,75,100,575,advantage fork middlegame short,https://lichess.org/yXQ2U2c3/black#48,
HdKbS,2r3k1/1R3ppp/8/8/p2P3q/P2BPQ2/n2r1PPP/6K1 b - - 1 26,c8f8 f3f7 f8f7 b7b8 h4d8 b8d8 f7f8 d3c4 g8h8 d8f8,2051,77,100,654,backRankMate deflection mate mateIn5 middlegame sacrifice veryLong,https://lichess.org/sbOmvTlP/black#52,
FGk7H,1R6/8/5p2/6b1/1Pk1K3/5P2/4n3/8 w - - 1 41,b4b5 e2g3,2052,75,100,565,endgame mate mateIn1 oneMove,https://lichess.org/UTIHolBE#81,
2Dt6l,8/pk3p1r/2p4q/4B3/3pP3/1P1P4/P1P1QPK1/4N3 w - - 5 36,e1f3 h6h3 g2g1 h3h1,2053,78,100,696,endgame mate mateIn2 short,https://lichess.org/ziWm8QIF#71,
UyEl6,6rk/7p/p4q2/2pPbN2/P1P2p2/4P2Q/1r5P/3R2RK b - - 0 31,f4e3 g1g8 h8g8 f5h6 g8g7 d1g1,2053,75,100,764,attraction crushing long middlegame,https://lichess.org/NzdH7AAL/black#62,
pFMJj,8/2K5/p7/1p6/1P6/k3Q3/P7/7q b - - 19 59,a3b4 e3b3 b4c5 b3c3 c5d5 c3c6 d5d4 c6h1,2058,76,100,915,crushing endgame queenEndgame skewer veryLong,https://lichess.org/nS2boxAd/black#118,
VeTYi,2rr1k2/1p2bp2/1P1q1n2/pR1p1NQ1/P7/4P3/5PPP/3R2K1 b - - 2 26,d6e6 g5h6 f8e8 f5g7 e8d7 g7e6,2060,74,100,567,crushing fork long middlegame,https://lichess.org/7WfsRHPJ/black#52,
WkAk1,7B/5p2/4kP2/8/p2p4/2p5/1P6/1K6 w - - 0 68,b2c3 d4d3 h8g7 d3d2 b1c2 a4a3 c2d2 a3a2,2064,77,100,745,advancedPawn bishopEndgame crushing endgame veryLong,https://lichess.org/Y93RXSZ9#135,
ZHmPt,3r3k/1pr3p1/p2pB1Rp/3Qp2P/4Pb1q/2P2P2/4KP2/1R6 b - - 11 38,c7c3 d5b7 c3c2 e2d3,2067,75,100,582,crushing middlegame short,https://lichess.org/rpXSKrjo/black#76,
nvw1U,8/2k5/p1p5/2P2p2/PP1KpP1p/7P/8/8 w - - 0 39,d4e3 a6a5 b4a5 c7b7 e3d2 b7a6 d2c2 a6a5 c2b3 e4e3,2067,75,100,638,crushing endgame pawnEndgame veryLong,https://lichess.org/WIrpVdQ6#77,
gZAm6,4k3/1K4p1/7p/p7/8/P7/1P4P1/8 b - - 0 35,g7g5 b2b4 a5b4 a3b4,2068,77,100,776,crushing endgame pawnEndgame short,https://lichess.org/kirN0y9F/black#70,
yNbto,4r1k1/1Q3pp1/2p1q2p/3n4/3P4/P1P3P1/1P3PB1/1R3K2 w - - 1 28,b7a6 d5e3 f2e3 e6f5 f1g1 f5b1,2068,76,100,568,advantage endgame fork long sacrifice,https://lichess.org/P5lM4B0M#55,
nRBDb,6k1/rB5p/P7/5rP1/3R4/4P2P/K7/8 b - - 0 33,f5g5 d4g4 g5g4 h3g4,2069,75,100,825,crushing endgame short,https://lichess.org/AD0clFd6/black#66,
uSXhg,5k2/R7/5r1p/3P2p1/4K3/4P3/8/8 b - - 0 49,f6f7 a7f7 f8f7 e4f5 g5g4 f5g4,2076,76,100,555,crushing endgame long rookEndgame,https://lichess.org/AhUSnc74/black#98,
9zDDz,8/5k2/p1n2p1p/2p4Q/8/1P3P2/P1qr2P1/4R1K1 b - - 4 38,f7f8 e1e8 f8g7 h5g4 c2g6 e8g8 g7g8 g4g6,2079,75,100,886,attraction crushing deflection endgame exposedKing veryLong,https://lichess.org/M6Fa7NnH/black#76,
TPZWy,1Q6/p4pk1/4pNpn/p2pP1K1/P2P1PP1/3P4/1R6/6rr w - - 18 35,b8d8 g1g4 f6g4 h1h5,2082,76,100,855,endgame epauletteMate mate mateIn2 sacrifice short,https://lichess.org/13z58weA#69,
XJ6TL,2n5/2P3p1/3k3p/3pN3/5K2/4P2P/6P1/8 w - - 4 48,f4f5 c8e7 f5f4 g7g5 f4f3 d6e5,2084,76,100,910,crushing deflection endgame knightEndgame long master,https://lichess.org/qkhcTxiW#95,
c4CWy,6k1/R7/4r1pp/2pQ2P1/2P2p2/3P4/1q3KBP/8 w - - 1 33,f2f3 b2e2 f3f4 e2e3 f4g4 h6h5 g4h4 e3f4 h4h3 f4g4,2086,78,100,648,endgame exposedKing mate mateIn5 veryLong,https://lichess.org/drWWWITg#65,
NYF8X,1r5k/3bb1pP/p3p1R1/8/2pPp3/P1P1B3/qPQ2P2/2K4R w - - 3 27,h1g1 b8b2 c2b2 e7a3,2092,76,100,555,crushing middlegame pin sacrifice short,https://lichess.org/Zv26yTMG#53,
d2W52,rnbq1b1r/pp1pp1pp/4k3/2p4Q/4n3/2P2N2/PP1P1PPP/RNB1K2R b KQ - 3 6,e4f6 f3g5 e6d6 g5f7 d6c7 h5c5 b8c6 f7d8,2094,75,100,639,advantage deflection discoveredAttack exposedKing fork opening pin veryLong,https://lichess.org/NPMlMiGX/black#12,Sicilian_Defense Sicilian_Defense_Alapin_Variation
ADzqc,8/1b3Rk1/p3p3/1p2q1p1/6Pr/2P3p1/P7/3B1RK1 b - - 1 33,g7g6 d1c2 e5f5 c2f5 g6f7 f5e4 f7e8 e4b7,2096,77,100,1154,advantage discoveredAttack endgame veryLong,https://lichess.org/Brj3eWch/black#66,
t2tKw,6Q1/p7/7p/8/1P2K2q/2k5/P7/8 w - - 0 47,e4e5 h4g5 g8g5 h6g5,2101,75,100,532,crushing endgame queenEndgame short,https://lichess.org/wRUmmXzy#93,
ex5Fd,4k3/8/4p3/8/2r1p2R/3p3P/5PP1/4K3 w - - 2 41,f2f3 c4c1 e1d2 c1c2 d2d1 e4e3,2102,75,100,473,crushing endgame exposedKing long rookEndgame,https://lichess.org/0OB9cHR1#81,
NUsMc,4r1k1/pp3pp1/1n5p/3p1P2/3R2qP/1PQ5/PB4P1/6K1 b - - 2 27,g4f5 d4e4 f7f6 e4e8,2102,75,100,486,crushing endgame short,https://lichess.org/S0JogxJa/black#54,
IKIsx,8/8/3k3p/1p4p1/1P1KPpPP/8/8/8 w - - 0 49,h4h5 d6e6 e4e5 f4f3 d4e3 e6e5,2102,77,100,466,crushing endgame long pawnEndgame zugzwang,https://lichess.org/wZIN6iF5#97,
u3dOM,8/8/Pk1K1p2/1P4pp/8/6P1/8/8 b - - 0 39,g5g4 a6a7 b6a7 d6c7 f6f5 b5b6,2105,75,100,608,advancedPawn crushing endgame long pawnEndgame,https://lichess.org/Hil7KKKP/black#78,
r6WOC,8/8/p6p/2ppkP2/6P1/4K3/P1P5/8 b - - 1 41,h6h5 g4h5 e5f5 h5h6 f5g6 e3f4,2106,76,100,716,crushing defensiveMove endgame long master pawnEndgame,https://lichess.org/ZLns9VyB/black#82,
RBpFI,6k1/p4p2/1p3Qpp/8/2P1N1K1/1P2P1PP/8/3q4 w - - 3 42,f6f3 f7f5 g4f4 g6g5 f4f5 d1f3,2106,75,100,614,crushing deflection endgame fork long,https://lichess.org/d0YzBL8t#83,
ay6rK,6k1/8/7p/3p1pp1/2pP2P1/2P1P2P/6K1/8 b - - 0 41,f5g4 h3g4 g8f7 g2f3 f7g6 e3e4 h6h5 g4h5,2115,77,100,730,crushing endgame pawnEndgame veryLong,https://lichess.org/ckBCjb6M/black#82,
PRniT,6k1/2R5/p2r4/2p3p1/P1P5/3PKP1p/8/8 w - - 0 47,c7c5 h3h2 c5g5 g8h7 g5h5 d6h6 h5h2 h6h2,2117,75,100,493,advancedPawn advantage defensiveMove endgame rookEndgame veryLong,https://lichess.org/NxMyCtmo#93,
e1XsS,r2q4/pp3pk1/2pb1n2/3br3/3Q3B/7P/PPB2PP1/R4RK1 b - - 4 20,d8h8 h4f6 g7f6 f2f4 f6e6 f4e5,2119,75,100,526,advantage long middlegame,https://lichess.org/41D9z0QH/black#40,
0rA7w,3r2k1/p3ppbp/1p4p1/3Nq3/2P1n3/1Q2B2P/PP3PP1/5RK1 b - - 3 21,e7e6 d5e7 g8f8 e7c6,2120,76,100,557,advantage middlegame short,https://lichess.org/i7ecp59k/black#42,
Tv7zJ,1k6/2N2p2/1pPq4/2pNp1np/1P2P1n1/P7/3r2PP/1R3RK1 b - - 0 29,g5e4 c7a6 b8c8 d5b6 c8d8 c6c7 d6c7 a6c7,2120,77,100,732,advancedPawn advantage exposedKing middlegame queensideAttack veryLong,https://lichess.org/C47Pbc9X/black#58,
l8BGl,r5rk/1pq1b1Rb/2pp1nRQ/3Pp3/1nP1P2P/2N2N2/2B2P2/7K b - - 3 36,e7f8 h6h7 f6h7 g7g8,2121,76,100,696,deflection kingsideAttack mate mateIn2 middlegame short,https://lichess.org/ZT7oo5DH/black#72,
7gH12,2kr2r1/pp1b3p/1bp2p2/7q/4PB2/2Q1N3/PP3PP1/2R1R1K1 w - - 10 22,e3c4 g8g2 g1g2 d8g8,2122,77,100,466,attraction crushing kingsideAttack master middlegame sacrifice short,https://lichess.org/oXZqxruk#43,
phuqc,r6k/1pp3qp/p2p4/3Pp1P1/2P2r2/1K6/PP4Q1/6RR b - - 2 30,a8f8 g5g6 f4f3 b3b4 h7h6 h1h6,2123,77,100,592,crushing defensiveMove endgame long,https://lichess.org/c9cwAXeq/black#60,
pNjrr,6k1/3b4/3p3p/pp1P1Pp1/6PK/8/PP2rN2/3R1R2 w - - 0 35,h4h5 g8h7 f5f6 d7e8 f6f7 e8f7,2124,76,100,498,endgame long mate mateIn3,https://lichess.org/Ip4gDm4h#69,
AmKC0,6k1/1p3pb1/2p2npp/p3N3/2P1B1P1/PP5P/1BQ2PK1/4q3 b - - 2 28,f6e4 e5f3 e1f2 c2f2 e4f2 b2g7,2124,76,100,493,advantage endgame long,https://lichess.org/2VPT0uyZ/black#56,
3XkR1,4r1k1/p3bpPp/1n2p3/2p1P1PN/2P3Q1/3qP3/P2r2B1/2R2RK1 w - - 1 28,g4f4 d2g2 g1g2 d3e2 f1f2 e2h5,2125,77,100,520,advantage attraction exposedKing fork long middlegame sacrifice,https://lichess.org/2nqy6zSY#55,
lQOWI,6rk/1bqp1p1p/pp2pPpQ/4P3/2r5/P1NR4/1P4PP/5RK1 b - - 4 22,c7e5 d3h3 e5h5 h3h5,2126,76,100,569,advantage middlegame quietMove short,https://lichess.org/MuAfZvFI/black#44,
RGlMW,8/6pp/8/1pp1k3/2P5/P3K3/6PP/8 b - - 0 33,b5c4 a3a4 c4c3 e3d3 c3c2 d3c2 e5d4 a4a5,2127,75,100,473,crushing defensiveMove endgame pawnEndgame quietMove veryLong,https://lichess.org/qJkVJzGt/black#66,
TO81v,3rr1k1/1p3p2/p1bqpQp1/6Rp/7P/6R1/P4PPK/8 b - - 7 35,d6f8 g5g6 f7g6 f6g6 g8h8 g6h5 f8h6 h5h6,2128,76,100,633,mate mateIn4 middlegame sacrifice veryLong,https://lichess.org/jsVehYja/black#70,
dawEo,8/8/p7/1pr1p3/6kP/3K2P1/PP4R1/8 w - - 0 44,g2c2 e5e4 d3d2 e4e3 d2d1 c5c2,2128,78,100,470,crushing endgame exposedKing long rookEndgame,https://lichess.org/LKiDjh4g#87,
MQjM3,8/8/6k1/8/p5PR/7P/8/r5K1 w - - 1 46,g1f2 a4a3 h4h5 a3a2 h5a5 a1h1,2129,77,100,542,advancedPawn crushing endgame long rookEndgame,https://lichess.org/JPTjikJe#91,
N1oNL,8/p7/1p5k/8/1P1p1r2/P2Qn2P/4B1p1/6K1 w - - 0 47,g1h2 f4f1 e2f1 g2f1q d3f1 e3f1,2136,75,100,618,advancedPawn crushing endgame long master promotion quietMove,https://lichess.org/GibxTGqz#93,
UbKOg,8/8/4k3/p1p3PP/p7/6K1/1P6/8 w - - 1 45,g5g6 c5c4 g3f4 c4c3,2136,76,100,557,crushing endgame pawnEndgame quietMove short,https://lichess.org/FeBVRSME#89,
RkQqg,4r1k1/P7/1N3npp/1R6/1N3K2/1P6/2P3b1/8 w - - 0 39,b4d5 f6h5 f4g4 e8e4 d5f4 e4f4,2138,75,100,652,endgame hookMate long master mate mateIn3,https://lichess.org/68cZEBAd#77,
eX97u,6k1/4Q3/5r1p/2B3pP/6b1/7K/8/3q2R1 w - - 0 57,g1g4 d1h1 h3g3 f6f3,2144,74,100,473,endgame mate mateIn2 short,https://lichess.org/lhkt2AqR#113,
Vy87F,8/8/4R3/8/5pPk/5P1P/2r5/6K1 w - - 4 43,e6h6 h4g3 g1f1 g3f3 f1e1 f3g2,2151,77,100,521,crushing endgame long rookEndgame,https://lichess.org/EaAl7RX3#85,
JV61V,3r2k1/3P1ppp/2R5/8/2p2PK1/2r4P/3R4/8 b - - 0 34,c3d3 d2d3 c4d3 c6c8 g8f8 c8d8,2151,76,100,476,crushing endgame long master pin rookEndgame,https://lichess.org/7CmX0A7a/black#68,
LrDuo,8/4k3/3r2p1/5p2/2Q5/6P1/3p2K1/8 w - - 0 64,c4c7 d6d7 c7e5 e7f7 e5h8 d2d1q,2151,76,100,674,advancedPawn crushing defensiveMove endgame long promotion queenRookEndgame,https://lichess.org/zI3ZD8Ig#127,
vVrWy,4n3/6kp/p5p1/1pPqppN1/1P1r3P/P3QP2/6P1/4R1K1 b - - 3 32,h7h6 g5e6 d5e6 e3d4,2154,75,100,494,crushing deflection endgame short,https://lichess.org/XJJOGyLj/black#64,
uqI7A,4R2R/5rk1/2Br1pN1/2pP1q1p/6p1/8/5P2/6K1 b - - 1 45,g7g6 e8g8 f7g7 c6e8 g6g5 h8h5 g5f4 h5f5 f4f5 g8g7,2156,77,100,845,advantage clearance endgame skewer veryLong,https://lichess.org/pRwJWGnT/black#90,
12kUF,8/6pp/8/p5PP/2k1K3/Pp6/1P6/8 w - - 0 41,h5h6 g7h6 g5h6 a5a4,2156,77,100,742,crushing defensiveMove endgame pawnEndgame short zugzwang,https://lichess.org/PaVwn3pw#81,
yzWUI,8/8/6K1/5Rp1/4k2p/7P/6r1/8 w - - 0 56,f5g5 e4f3 g6f5 g2g5 f5g5 f3g3 g5f5 g3h3 f5f4 h3g2,2158,76,100,693,crushing endgame rookEndgame veryLong,https://lichess.org/H7hmUVkt#111,
Ko8SJ,8/1p4p1/1p2pp1p/3k3P/3P1PP1/1P2K3/1P6/8 b - - 1 34,e6e5 d4e5 f6e5 f4f5,2158,77,100,543,crushing defensiveMove endgame master pawnEndgame short,https://lichess.org/2lCymlOl/black#68,
WafSW,3rrnk1/pb2b1pp/1qp1pN2/1p1nN1BQ/1P1P4/2PB4/P4PPP/R4RK1 b - - 0 18,e7f6 d3h7 f8h7 h5f7 g8h8 e5g6,2159,76,100,674,kingsideAttack long mate mateIn3 middlegame sacrifice,https://lichess.org/n2d4meVx/black#36,Scandinavian_Defense Scandinavian_Defense_Main_Line
IkcYr,rnb2k1r/pp6/2p5/3pP3/3P1Qpb/3B2n1/PPP5/RN4K1 b - - 1 17,f8g7 e5e6 c8e6 f4e5 h4f6 e5e6,2159,76,100,465,advantage clearance exposedKing fork long middlegame,https://lichess.org/MK4gOuH5/black#34,Kings_Gambit_Accepted Kings_Gambit_Accepted_Kings_Knights_Gambit
lK08j,8/pp3Q2/2p5/3p2k1/P7/3qP1NK/8/8 b - - 11 44,d3e3 f7g7 g5f4 g7f6,2160,76,100,462,endgame mate mateIn2 short,https://lichess.org/iYahrY5X/black#88,
KW0VU,6k1/8/p2p2p1/1pp5/2P3P1/PP1P4/6K1/8 b - - 0 37,g8f7 c4b5 a6b5 a3a4 b5a4 b3a4,2164,77,100,589,crushing endgame long pawnEndgame,https://lichess.org/PDrDSmtr/black#74,
aBjw2,r5k1/1q5p/4brp1/2n5/p2QpN2/6PP/PPP2P2/2KRR3 b - - 1 25,b7e7 f4d5 e6d5 d4d5 g8g7 d5a8,2164,75,100,616,advantage fork long middlegame,https://lichess.org/vqD6Au57/black#50,
VxMN6,5r1k/pp1nq3/2pp4/6NQ/8/5P1P/PPP2b2/2K3R1 b - - 1 28,h8g8 g5f7 f2g1 h5g6,2168,77,100,464,discoveredAttack mate mateIn2 middlegame sacrifice short,https://lichess.org/la36Fx9I/black#56,
Nwhj9,8/1B3p2/5p2/p4P2/2K2k2/1P5p/8/8 b - - 3 50,f4f5 b7c8 f5f4 c8h3,2169,76,100,618,bishopEndgame crushing endgame short skewer,https://lichess.org/j6zMEUwi/black#100,
MCsT3,2r2rk1/R2Q1pp1/7p/4p3/8/7P/q1P3P1/5R1K b - - 0 24,a2c2 f1f7 c2d1 d7d1,2172,75,100,530,crushing endgame short,https://lichess.org/ZJehvHal/black#48,
5ntDK,r4rk1/pp3q2/2p4R/3n2p1/3P1BQ1/5P2/PPP3PP/R5K1 b - - 0 21,f7f4 h6g6 g8f7 g4e6,2177,78,100,512,kingsideAttack mate mateIn2 middlegame short,https://lichess.org/FAcz3AAh/black#42,
XVpFh,5r2/1b1pkBQ1/p1p1p3/3nP1N1/3q4/8/PPP2b1P/R2K3R w - - 2 23,d1c1 f2e3 c1b1 d5c3 b2c3 d4b6,2178,75,100,545,long mate mateIn3 middlegame queensideAttack sacrifice,https://lichess.org/HDwwFng8#45,
uODMZ,8/7k/p2P2p1/1p4Q1/1P6/P3P1PP/2r1r1BK/4n1R1 w - - 1 49,d6d7 e2g2 g1g2 e1f3 h2h1 c2c1 g2g1 c1g1,2179,78,100,626,arabianMate endgame fork master mate mateIn4 sacrifice veryLong,https://lichess.org/eoNGHY3a#97,
x5kXe,8/8/1k1p3p/4p1pP/ppPpP1P1/1P1P4/P3K3/8 w - - 0 38,b3a4 b6a5 e2d1 a5a4 d1c1 a4a3 c1b1 b4b3 b1a1 a3b4,2186,75,100,542,crushing endgame pawnEndgame veryLong,https://lichess.org/S9w3zgHX#75,
eTdYG,2r4r/pp2npk1/4p1p1/qP1nQ3/3P4/P2B1NPp/1B3P2/2R4K b - - 4 24,d5f6 e5f6 g7f6 d4d5 c8c3 b2c3 a5c3 c1c3,2191,77,100,476,advantage discoveredAttack fork middlegame sacrifice veryLong,https://lichess.org/8t7XeywW/black#48,
MorVa,8/8/8/7B/4p1K1/5Pb1/5k2/8 w - - 0 95,g4g5 g3f4 g5f4 e4e3 f4e4 e3e2,2192,75,100,530,advancedPawn bishopEndgame crushing endgame long sacrifice,https://lichess.org/RW6U6ECy#189,
MU3tU,8/5Kp1/5p2/4r1k1/4P3/8/8/7R w - - 6 51,f7g7 e5e7 g7g8 e7e4 h1g1 e4g4,2198,76,100,513,crushing endgame long rookEndgame,https://lichess.org/h7B6gDzg#101,
akTFj,8/8/8/p3P3/1kpp1P2/5K2/P1P5/8 w - - 3 63,f3e4 d4d3 c2d3 c4c3 e4e3 b4a3,2201,74,100,527,crushing endgame long master pawnEndgame,https://lichess.org/CnMtazUL#125,
MNtlQ,R7/5k1p/2P3pP/5nP1/5PK1/5B2/p1r5/8 w - - 0 51,a8a2 f5e3 g4h3 c2a2,2203,77,100,622,advantage endgame intermezzo master short,https://lichess.org/42rce49c#101,
mmQ93,r4bk1/1pN3r1/1B1p1n2/P2Pp2p/1P2Pp1n/5PqP/4BRp1/2RQN1K1 w - - 2 28,e2f1 g3h2 g1h2 g2g1q,2205,77,100,613,advancedPawn attraction kingsideAttack mate mateIn2 middlegame promotion short,https://lichess.org/IIAfNd21#55,
0SVg6,5r2/1P6/2k5/6P1/8/2p4R/6K1/8 b - - 1 54,c6b7 h3c3 f8g8 c3c5,2205,77,100,441,crushing defensiveMove endgame master rookEndgame short,https://lichess.org/YXOZoIIo/black#108,
1jDHb,4rr1k/1b2q1pp/p1pb3n/1p6/5PP1/2NPBB1P/PPP1Q2K/R4R2 w - - 2 22,a1e1 e7e3 e2e3 e8e3 e1e3 d6f4 h2g2 f4e3,2206,78,100,461,advantage attraction capturingDefender fork middlegame pin veryLong,https://lichess.org/FiWz0CHX#43,
WDgr8,5r2/p1p3kp/2p1r1p1/2R5/4Nn2/3P4/PPPKP3/R7 w - - 6 25,a1f1 f4d3 c2d3 f8f1,2208,76,100,419,advantage discoveredAttack endgame short,https://lichess.org/dh1Mwijt#49,
JPTvW,8/5b2/1p3k2/pP6/P4K2/8/8/3B4 b - - 1 57,f6e6 d1b3 e6f6 b3f7 f6f7 f4f5,2211,77,100,460,bishopEndgame crushing defensiveMove endgame long zugzwang,https://lichess.org/Y02ctn2V/black#114,
rYta4,3q1r2/1b3pk1/pbp2n2/6pR/1P2P1P1/P1Q5/1B2rPK1/R7 b - - 1 30,e2b2 h5g5 g7h6 a1h1 h6g5 c3e5 g5g6 e5f5 g6g7 f5g5,2211,80,100,475,fork mate mateIn5 middlegame pin sacrifice veryLong,https://lichess.org/H5H00Vl9/black#60,
p553N,5r1k/4bp1p/pq2pN1Q/1p2n1P1/8/3rP3/PP4PP/4RRK1 b - - 6 25,e7f6 h6f8,2211,79,100,625,hangingPiece kingsideAttack mate mateIn1 middlegame oneMove,https://lichess.org/0BEixUPI/black#50,
S0aJw,r6r/5kp1/4p1p1/1Q1b4/2pP1Pnp/P1P3P1/P4nP1/R3RBK1 w - - 1 30,b5d7 f7f6 f1c4 d5c4 d4d5 c4d5,2213,75,100,403,crushing defensiveMove long middlegame,https://lichess.org/vBq9Zb2A#59,
hfpQQ,8/1p6/2p2k2/7p/4PK1P/1P6/8/8 b - - 0 36,b7b5 b3b4 c6c5 b4c5 b5b4 f4e3,2213,75,100,417,crushing defensiveMove endgame long pawnEndgame quietMove,https://lichess.org/Bwv1faph/black#72,
AVf4S,r1b1r2k/pp3p1n/1q3n2/2pPp3/2P1P3/2PQ1R2/P2BB1PP/5RK1 b - - 8 19,c8g4 f3f6 g4e2 d3h3,2218,76,100,402,advantage clearance middlegame pin short,https://lichess.org/iFSZyEPp/black#38,
VtoNX,7R/8/7P/8/6k1/8/5p1r/5K2 b - - 0 57,g4h5 h8g8 h5h6 g8h8 h6g5 h8h2,2220,75,100,649,crushing endgame long quietMove rookEndgame skewer,https://lichess.org/R7SZ2RP9/black#114,
HThoI,5rk1/2QR2p1/7p/p3p1q1/P7/1P1P1P2/2P2K1P/8 w - - 0 28,c7a5 f8f3 f2f3 e5e4 f3e4 g5a5,2224,76,100,443,advantage attraction discoveredAttack endgame long sacrifice,https://lichess.org/z1G02eej#55,
3Ouo2,8/8/5k1p/5pp1/5B2/4RP2/1r4KP/8 w - - 2 42,g2g3 g5f4 g3f4 b2b4 f4g3 f5f4 g3f2 f4e3,2226,76,100,594,attraction crushing endgame fork veryLong,https://lichess.org/j9PTE1qI#83,
2YCLu,8/8/R4PkP/8/8/8/p5K1/r7 w - - 1 52,g2f2 a1h1 h6h7 g6h7 f6f7 h7g7 f7f8r g7f8 a6a2 h1h2,2227,77,100,530,crushing endgame rookEndgame veryLong,https://lichess.org/bEbvv1CT#103,
DK0me,8/8/5p2/8/6pp/3p3k/5PN1/5K2 b - - 1 53,f6f5 f1g1 g4g3 f2f3 d3d2 g2f4,2228,78,100,474,endgame knightEndgame long mate mateIn3 quietMove,https://lichess.org/EcoziRYj/black#106,
IkuVA,2r3k1/1R3p2/1Qp1r3/2Pp1bq1/3Pp2p/P3P3/4BPP1/5RK1 w - - 7 32,b7b8 e6g6 b8c8 f5c8 b6d8 g5d8,2232,74,100,421,crushing long middlegame quietMove,https://lichess.org/rz0VQakG#63,
bYBrS,2BQ4/5pkp/6p1/8/3P4/6PK/P7/5q2 w - - 2 41,h3g4 f7f5 c8f5 f1f5 g4h4 f5h5,2233,81,100,555,endgame long mate mateIn3,https://lichess.org/QMTutFnC#81,
LfhgH,8/5p2/1pp1k1p1/p7/P1PK1P1P/1P6/8/8 b - - 1 49,e6f5 c4c5 b6c5 d4c5 f7f6 b3b4,2234,74,100,556,crushing endgame long pawnEndgame,https://lichess.org/B9xib1uE/black#98,
OEr0o,4r3/8/k3Bp2/2pPn3/p1P3P1/Pp2Q2P/1P5q/1K3R2 w - - 8 43,f1f6 h2c2 b1a1 c2d1 e3c1 d1c1,2238,76,100,521,endgame long mate mateIn3,https://lichess.org/5PADZoJz#85,
HblNh,8/8/1pp1k1pp/p2p4/P1P3PP/1P2KP2/8/8 w - - 0 39,e3d4 c6c5 d4d3 d5d4,2238,76,100,615,crushing defensiveMove endgame pawnEndgame short,https://lichess.org/YuzIzbex#77,
C59P3,8/8/6k1/p1p2p1p/PpP2P2/1P3KP1/8/8 w - - 3 41,f3e3 h5h4 e3f2 g6h5 f2g2 h5g4 g3h4 g4h4,2242,75,100,403,crushing endgame pawnEndgame veryLong,https://lichess.org/mkS85mj3#81,
GjN6R,8/5R1p/1p6/3Bk3/1r2P1p1/5nP1/5P1P/5K2 w - - 1 29,f7h7 b4b1 f1e2 e5d4 h2h3 b1e1,2245,77,100,489,endgame hookMate long mate mateIn3,https://lichess.org/Xe9uFg4c#57,
ulkre,4k3/4b3/1K5p/2p5/PpB5/7P/2P5/8 b - - 0 41,e8d8 b6b7 e7d6 a4a5,2246,75,100,455,bishopEndgame crushing defensiveMove endgame short,https://lichess.org/fjKKTXmz/black#82,
3GOv4,8/3k4/pB1p4/P1pP1p1P/2P5/4K3/8/5b2 b - - 0 46,f1c4 h5h6 f5f4 e3d2 c4d5 h6h7,2247,75,100,474,advancedPawn bishopEndgame crushing defensiveMove endgame long,https://lichess.org/Z15Nl7GM/black#92,
yH6pn,6k1/R5P1/3P3n/4K3/p4P2/8/8/r7 b - - 0 60,a4a3 e5f6 h6g4 f6g6,2248,75,100,497,crushing defensiveMove endgame short,https://lichess.org/33CvpwhK/black#120,
StfjX,r2qr1k1/3bbppp/p3p3/1p1pN3/3P1B2/2P1R1Q1/PP3PPP/R5K1 b - - 1 17,f7f6 g3g7 g8g7 e3g3 g7h8 e5f7,2249,82,100,613,attraction kingsideAttack long mate mateIn3 middlegame sacrifice,https://lichess.org/aqCiyIJs/black#34,Indian_Defense Indian_Defense_Accelerated_London_System
MQ4wb,8/5p2/4p1p1/4P1P1/3P1P2/1p1K4/k7/1nB5 b - - 1 46,b3b2 c1b2 a2b2 d4d5 e6d5 f4f5,2250,77,100,397,crushing endgame long sacrifice,https://lichess.org/lWp0urXD/black#92,
iAjIU,8/8/8/8/5P2/3B1nk1/7p/7K w - - 2 60,f4f5 f3g5 f5f6 g5h3 f6f7 h3f2,2255,78,100,458,endgame long mate mateIn3 quietMove,https://lichess.org/uxvYPXap#119,
uP8I0,4r1k1/p1p5/2p2p1p/3p4/6q1/1P1N4/P1PQ1P2/R4K2 w - - 0 26,d2f4 g4h3 f1g1 e8e4 f4c7 e4g4,2257,76,100,474,advantage endgame long,https://lichess.org/Ja621nuz#51,
rHHE5,8/8/3k4/1P2p2p/pK3p2/P5P1/5P2/8 b - - 1 32,f4g3 f2g3 e5e4 b4c4 d6e5 b5b6 e5d6 c4d4,2259,85,100,709,crushing endgame pawnEndgame veryLong,https://lichess.org/BQP4lO6H/black#64,
4IXqM,8/4k3/8/p5p1/P7/6K1/6P1/8 b - - 1 46,e7e6 g3g4 e6f6 g4h5 f6f5 g2g3,2260,76,100,455,crushing defensiveMove endgame long pawnEndgame zugzwang,https://lichess.org/m7fQT0lf/black#92,
q8XOT,rn3r2/p3qpp1/bp1Np2k/3nP1N1/3p3P/8/PP1Q1PP1/R3K2R b KQ - 1 15,f7f6 g5e6 h6h7 e6f8,2261,75,100,401,advantage discoveredAttack middlegame short,https://lichess.org/mmFpLk3d/black#30,French_Defense French_Defense_Tarrasch_Variation
5Nieu,6rk/3n3q/3PNr2/3P1p2/8/P2Q3p/6RK/6R1 w - - 0 41,d3h3 h7h3 h2h3 f6h6,2261,77,100,397,attraction mate mateIn2 middlegame short,https://lichess.org/bR8xBYv7#81,
wKyjc,1r3k1r/4pp2/p1Qp2p1/q2P3p/2pR3P/5P1R/PPP3P1/1K6 w - - 1 20,h3h1 a5c3 b2b3 c3d4,2262,75,100,408,crushing endgame master pin short,https://lichess.org/KHwrvG06#39,
RJV7w,5k2/1R6/1p2K3/p3p3/P2b2N1/n4P2/7P/6r1 b - - 3 37,g1f1 g4f6 e5e4 b7f7,2264,79,100,504,endgame mate mateIn2 quietMove short,https://lichess.org/aWcGqNGr/black#74,
Y95de,8/2p5/6p1/1p1kP3/p7/P2P4/1P1K2P1/8 w - - 1 42,d2e3 d5e5 d3d4 e5d5 e3d3 g6g5 g2g3 g5g4,2267,81,100,407,crushing defensiveMove endgame pawnEndgame quietMove veryLong,https://lichess.org/3B4Ts4A8#83,
HZb2w,r7/pb3Qpp/1pk5/3pr3/3Pn3/qB6/2P2PPP/1K1R2NR w - - 1 21,d1d3 e4d2 d3d2 e5e1 d2d1 e1d1,2268,78,100,468,clearance long mate mateIn3 middlegame queensideAttack sacrifice,https://lichess.org/x7WfsSRH#41,
lsXU0,8/6p1/5p1p/3k1K1P/4p1P1/4P3/8/8 b - - 4 50,d5c4 f5e4 c4c3 e4f5 c3d3 f5g6,2270,77,100,491,crushing endgame long pawnEndgame,https://lichess.org/NzMrG3AM/black#100,
1umjn,8/8/1p3k1p/3Pp1p1/2P2p2/3Q3P/6PK/4q3 b - - 3 45,e1e3 d3e3 f4e3 h2g1,2272,81,100,645,crushing defensiveMove endgame queenEndgame short,https://lichess.org/TzTU9YwW/black#90,
MrV2x,4r1k1/1R6/p5Np/1b3Pp1/8/1P2BP2/P4K1b/8 w - - 0 31,e3d4 e8e2 f2f1 e2d2 b7b5 a6b5,2273,75,100,417,advantage discoveredAttack endgame long,https://lichess.org/qGpRSgB8#61,
yz99I,r2qr3/5pkP/3b1np1/2pp1QN1/3P4/1P2P3/1P1N1P2/2K3RR b - - 2 26,g6f5 h7h8q e8h8 g5e6,2282,77,100,413,advancedPawn doubleCheck mate mateIn2 middlegame promotion short,https://lichess.org/y4ptyRpM/black#52,
BuEO5,3N1rk1/2Q3pp/p4pq1/8/8/6P1/PP3Pb1/3Rn1K1 b - - 2 30,g2f3 c7c4 g8h8 d8f7 g6f7 c4f7,2283,75,100,541,crushing long middlegame,https://lichess.org/czc87Lck/black#60,
GZIMc,8/8/3k1p2/pppP1p1p/2P2P1P/2K3P1/P7/8 w - - 0 42,a2a3 b5c4 c3c4 a5a4 c4b5 d6d5,2285,75,100,600,crushing endgame long pawnEndgame quietMove zugzwang,https://lichess.org/Qubl8wOJ#83,
QVWFh,8/8/2p5/p1P2k1p/P2p1P1P/1P3K2/8/8 w - - 0 39,f3g3 f5e4 f4f5 e4f5 g3f3 f5e5 b3b4 a5b4,2287,76,100,502,crushing endgame pawnEndgame veryLong,https://lichess.org/j6AbeDYr#77,
F6rU5,8/2k4p/3pp3/1P6/3K1P2/7P/1P6/8 w - - 1 39,f4f5 e6f5 d4e3 d6d5 e3f4 d5d4,2287,76,100,395,crushing defensiveMove endgame long pawnEndgame quietMove,https://lichess.org/kvxtPvL6#77,
yA7b3,rn1q3r/1p1bnkp1/p1p1p2p/4b2Q/3P4/2P3P1/PP3PBP/R1B1K2R b KQ - 1 13,e7g6 d4e5 d7e8 g2e4 f7g8 e4g6,2289,78,100,514,advantage long opening,https://lichess.org/DQAu8J8F/black#26,Saragossa_Opening Saragossa_Opening_Other_variations
mVTOi,8/3R2pk/8/3Pp3/4P1p1/P1N1q1Pr/1P4Q1/5RK1 w - - 0 40,g2f2 h3g3 g1h1 e3h6 f2h2 g3h3 f1f2 g4g3 h2h3 h6h3,2294,77,100,399,crushing endgame exposedKing fork pin veryLong,https://lichess.org/pLAPkKja#79,
6vdN1,6rk/1p4rp/1q1p2RQ/p1pPb1N1/2P3P1/7P/PP6/5R1K b - - 2 29,b6b2 h6g7 g8g7 f1f8 g7g8 g6g8,2299,75,100,395,kingsideAttack long mate mateIn3 middlegame sacrifice,https://lichess.org/9CIlA4NG/black#58,
0yyEO,8/6p1/1p1kp1p1/1pp5/1P1PpP1P/1P1rP3/2K1R1P1/8 w - - 0 44,e2d2 c5c4 b3c4 b5c4,2302,75,100,302,advantage endgame rookEndgame short,https://lichess.org/a9DU1CBh#87,
2qCOb,1k5r/ppp2pp1/3p3r/5R2/1PP3q1/P2QPR2/3P2B1/6K1 w - - 0 28,f3f4 g4g3 f5h5 h6h5,2303,75,100,365,crushing middlegame short,https://lichess.org/DKNKDXGO#55,
bGQLG,r4rk1/p1pnqp1p/1p2p1nQ/7P/8/2pB1P2/P1P2P2/2K3RR b - - 0 17,e7a3 c1d1 a3e7 h5g6 f7g6 d3g6,2305,81,100,309,advantage long middlegame,https://lichess.org/owZoSUCz/black#34,Owen_Defense Owen_Defense_Other_variations
hYg1e,8/1p6/p2p4/P2Nk1p1/1P2P3/3K3P/5b2/8 w - - 3 45,d5b6 f2b6 a5b6 d6d5 e4d5 e5d5 d3c3 d5c6,2307,83,100,601,crushing endgame master veryLong zugzwang,https://lichess.org/uGwanzMh#89,
jPupo,8/8/p7/1k3p2/1P2p2p/1K2P2P/5P2/8 b - - 5 53,b5b6 b3a4 b6b7 a4a5,2307,76,100,429,crushing endgame master pawnEndgame short zugzwang,https://lichess.org/Xe0nisNB/black#106,
FgJzC,8/5pk1/6p1/3K2Pp/4R2P/5P2/8/4r3 b - - 26 60,e1e4 f3e4 f7f6 g5f6 g7f6 d5d6 f6g7 e4e5 g6g5 e5e6 g5g4 e6e7 g7f7 d6d7,2307,83,100,534,advancedPawn crushing defensiveMove endgame quietMove veryLong,https://lichess.org/IPnpQdmc/black#120,
HdfeZ,8/5p2/1p2k2p/3r4/3pKPP1/P2R4/8/8 w - - 0 34,d3d4 d5d4 e4d4 f7f5 g4g5 h6g5,2308,76,100,346,crushing endgame long rookEndgame,https://lichess.org/gIabebl1#67,
mXq6j,r3r3/p4kp1/2p1R3/np1p3p/3PNq2/7P/PP2QPP1/4R1K1 b - - 0 28,e8e6 e4g5 f4g5 e2e6 f7f8 e1e3 g5f6 e3f3,2308,75,100,307,advantage discoveredAttack middlegame pin quietMove veryLong,https://lichess.org/DJIGAMUl/black#56,
nCAJH,8/8/8/p2n4/2k5/P5r1/1PKR4/4N3 w - - 13 48,e1g2 g3g2 b2b3 c4b5 d2g2 d5e3 c2b2 e3g2,2309,85,100,305,crushing endgame fork master pin sacrifice veryLong,https://lichess.org/geFUusex#95,
5qqh3,rb4k1/pQ3pp1/8/2r5/4p1q1/2B1n1N1/PP3P1P/R4KR1 w - - 0 27,f2e3 g4f3 f1e1 b8g3 g1g3 f3h1 e1d2 a8d8,2310,77,100,419,crushing exposedKing middlegame veryLong,https://lichess.org/1KTdRClR#53,
tM9Wy,4r1r1/pp2Q3/2p1b3/1q2k3/2p4P/P3R3/2P2PP1/6K1 b - - 1 31,e5d4 e7d6 e6d5 c2c3,2311,81,100,554,endgame mate mateIn2 short,https://lichess.org/ZQlpbYO9/black#62,
RGhH1,r4rk1/1b4b1/p2Rp2p/1Np4Q/5P2/2P3R1/PP4PK/4q3 b - - 3 27,a6b5 g3g7 g8g7 d6d7 g7f6 h5h6 f6f5 h6g5 f5e4 g5e5,2317,80,100,500,attraction deflection exposedKing fork mate mateIn5 middlegame sacrifice veryLong,https://lichess.org/3mpDLsnV/black#54,
L8wRd,8/6pk/p3q3/5Q2/6K1/P5P1/8/8 b - - 12 50,e6f5 g4f5 a6a5 a3a4 h7h6 g3g4,2318,75,100,406,crushing defensiveMove endgame long quietMove zugzwang,https://lichess.org/bTtlr56K/black#100,
noRXk,6k1/pR5R/5p2/6p1/5P1K/2r4P/6r1/8 w - - 0 34,f4g5 c3c4 h4h5 g2g5 h5h6 c4h4,2319,77,100,305,endgame long mate mateIn3 rookEndgame,https://lichess.org/BTMtaKNQ#67,
3H3Zw,4r3/8/5p2/8/7P/3k2P1/4pK2/R7 w - - 1 40,a1e1 d3d2 h4h5 e8e5 g3g4 e5e4,2321,79,100,308,crushing endgame long rookEndgame,https://lichess.org/IWUYOjFT#79,
hYURh,6k1/p5pp/1p6/4p3/2P1q2b/2P1B2P/PP2Q1P1/5K2 w - - 1 25,e2g4 e4d3 f1g1 d3e3,2323,78,100,309,advantage endgame fork short,https://lichess.org/vQU0kQ0j#49,
bJYPy,2k5/5bPB/4p3/p2pP2p/1p6/2P2P2/6K1/8 w - - 0 46,g7g8q f7g8 h7g8 b4c3,2324,84,100,465,crushing endgame short,https://lichess.org/EKvxbSKt#91,
okOke,3q4/p2r2kp/6p1/3RQ3/8/6P1/5P1P/6K1 b - - 0 37,g7h6 e5e3 h6g7 e3d4 g7f7 d5d7 d8d7 d4d7,2324,79,100,348,crushing endgame fork veryLong,https://lichess.org/bOuFAevA/black#74,
3xau1,8/8/1P6/8/4k3/4pp1P/8/4K3 b - - 1 49,e3e2 e1d2 e4f4 b6b7 e2e1q d2e1,2327,77,100,328,advancedPawn crushing endgame long pawnEndgame,https://lichess.org/Jb6hQv45/black#98,
fHg85,1r1k3N/2p2Qpp/8/p2pP1P1/q1nP2P1/2P5/1P6/2KR3R w - - 5 29,e5e6 a4a1 c1c2 b8b2 c2d3 a1b1 d1b1 b2d2,2327,79,100,319,collinearMove hookMate mate mateIn4 middlegame queensideAttack sacrifice veryLong,https://lichess.org/rH0kjF3G#57,
PIOHV,8/R3b1pk/1P3r1p/3Q4/1PpP1p2/2P2P1P/3B1PK1/1q6 w - - 1 35,d5e4 f6g6 e4g6 b1g6,2327,76,100,323,advantage endgame short xRayAttack,https://lichess.org/XzKm8mHo#69,
5lf7Q,8/7p/1k4pK/8/8/7P/8/8 b - - 3 61,g6g5 h6g5 b6c6 g5h6 c6d5 h6h7,2329,78,100,370,crushing endgame long pawnEndgame,https://lichess.org/HwsrzRxC/black#122,
ICUPW,r4r2/5N2/1kq1p1p1/p1p1P3/RpPp1PP1/1P1P3p/Q5nP/R5K1 b - - 2 34,f8f7 a4a5 g2f4 a5a8 f4e2 a2e2 c6a8 a1a8,2332,80,100,568,crushing master middlegame veryLong,https://lichess.org/ym1lTyNu/black#68,
chy1m,rn1kr3/ppp3p1/3b3p/3Q4/2Bp1P2/7q/PP6/RNB2RK1 w - - 0 22,d5b7 d4d3 b7g2 d6c5 c1e3 c5e3,2332,82,100,357,crushing exposedKing kingsideAttack long middlegame,https://lichess.org/VYwK0n2b#43,
xXzN9,5rk1/5ppp/8/1QB1p1q1/4PnPb/1N3P2/1rPRB2K/3R4 w - - 1 27,c5f8 h4f2 f8e7 g5h6 e7h4 h6h4,2339,78,100,312,exposedKing long mate mateIn3 middlegame,https://lichess.org/RaMaZZrA#53,
rNI9E,r4r1k/1p3p1p/pqn1pPp1/3pPB2/1P5Q/8/P5PP/4RR1K b - - 0 24,e6f5 h4h6 f8g8 f1f3 b6b4 h6h7 h8h7 f3h3 b4h4 h3h4,2340,78,100,381,attraction kingsideAttack mate mateIn5 middlegame sacrifice veryLong,https://lichess.org/k4zfSAhd/black#48,
wGsBO,8/2r3k1/1Q3Np1/5n2/1P1p1P2/3Pq1P1/7P/R5K1 w - - 1 35,g1g2 c7c2 g2h3 c2h2 h3h2 e3f2 h2h3 f2g3,2345,76,100,504,attraction endgame mate mateIn4 sacrifice veryLong,https://lichess.org/kGZpXOf8#69,
GdG1k,2rq1rk1/pb2ppbp/1n1p1np1/3P2B1/1P6/1BN2N1P/P4PP1/2RQK2R b K - 4 15,f6d5 c3d5 c8c1 g5c1 b7d5 b3d5,2346,80,100,312,advantage long opening,https://lichess.org/gMj16czO/black#30,Queens_Pawn_Game Queens_Pawn_Game_Modern_Defense
ipQtH,1r3r1k/q5p1/p3P2p/P1bpN3/4bPQP/6P1/1P4K1/R1B1R3 w - - 5 29,g2h2 c5g1 e1g1 a7f2 h2h3 f2g1,2349,77,100,554,attraction clearance crushing deflection long middlegame sacrifice,https://lichess.org/y6VfsBxD#57,
l2Bck,5Q2/4p2R/p4kp1/3q4/4n3/2p2K2/2Pr1PP1/8 b - - 9 36,f6e6 f8e7 e6f5 g2g4,2351,80,100,387,endgame mate mateIn2 short,https://lichess.org/NgIJtqIT/black#72,
VoYzO,r2r1nk1/4qppp/b2ppB2/6PQ/p3P3/1B5R/P1P2P1P/2K3R1 b - - 1 22,e7d7 g5g6 f7g6 g1g6 a4b3 g6g7 d7g7 f6g7,2355,81,100,444,advantage fork middlegame pin sacrifice veryLong,https://lichess.org/HOogzhot/black#44,
2Yyn7,8/1p6/1p1k4/2p2p1p/PPP2P1P/1K6/8/8 w - - 3 45,a4a5 c5b4 b3b4 b6a5 b4b5 a5a4 b5a4 d6c5,2357,76,100,450,attraction crushing endgame master pawnEndgame quietMove veryLong,https://lichess.org/3dTlPCeT#89,
SG3Ms,8/p4pk1/2p4p/3p2bP/3P1NQ1/2Pq2PK/3r4/4R3 b - - 6 34,d3c3 f4e6 f7e6 g4e6 d2h2 h3h2 c3e1 e6e1,2358,80,100,433,crushing endgame sacrifice veryLong,https://lichess.org/vEujvb5R/black#68,
fi8CY,r4r1k/1p4pp/p2p4/8/B1Q3N1/q3B1bP/P7/2R1R1K1 w - - 1 27,e3f2 g3f2 g4f2 a3g3 g1h1 g3f3,2360,79,100,324,advantage exposedKing fork long middlegame,https://lichess.org/GyTpsX40#53,
d2hUJ,8/7p/8/5p2/p1k1pP2/P1P3P1/2K3P1/8 w - - 0 38,c2d2 h7h5 g3g4 h5g4,2362,78,100,350,crushing endgame pawnEndgame quietMove short,https://lichess.org/r1vptdGp#75,
wCWix,4k3/7p/4P1p1/3K1p2/7P/5P2/8/8 b - - 2 56,e8e7 f3f4 h7h6 d5e5 h6h5 e5d5 g6g5 f4g5,2363,76,100,363,crushing endgame pawnEndgame quietMove veryLong,https://lichess.org/WjVjhnIk/black#112,
J6oKR,r1b3k1/1p1p1r1p/5Pp1/p3P1Q1/P2q4/8/1P4PP/R4R1K b - - 0 22,b7b6 e5e6 d7e6 a1d1 f7f6 g5f6 d4f6 f1f6,2364,82,100,366,advantage middlegame veryLong,https://lichess.org/kAhmxOtp/black#44,
lq8yP,6B1/8/2bk4/P6p/3P1P2/2K5/8/8 w - - 0 44,g8f7 h5h4 d4d5 h4h3 d5c6 h3h2,2370,77,100,327,advancedPawn bishopEndgame crushing endgame long quietMove sacrifice,https://lichess.org/dKo9SBeL#87,
xZvb5,8/8/p3k3/7b/4p2P/4P3/p3r1PK/Q7 w - - 3 41,h2h3 e2e3 h3h2 e3a3 a1c1 a2a1q,2370,79,100,434,advancedPawn crushing endgame long promotion quietMove,https://lichess.org/SJOFGWXl#81,
U5Ilw,2n5/8/1pNk1pp1/1P5p/3KP2P/6P1/8/8 b - - 0 45,c8e7 c6e7 d6e7 e4e5 e7e6 e5f6 e6f6 d4d5,2371,78,100,380,crushing defensiveMove endgame knightEndgame veryLong,https://lichess.org/67R5Vvk8/black#90,
FpuUE,1r3b2/p1q3k1/2b1p2p/1p2P3/2pP2P1/2P1B3/2Q4N/5RK1 b - - 3 33,f8e7 e3h6 g7h6 f1f7,2371,83,100,428,crushing middlegame sacrifice short,https://lichess.org/tPV94jFz/black#66,
NbRzZ,8/5p2/3kp1pp/1p6/1P2KPP1/4P3/7P/8 w - - 0 34,f4f5 e6f5 g4f5 g6g5,2373,80,100,399,crushing defensiveMove endgame master pawnEndgame short,https://lichess.org/ZbanmAjG#67,
piuaY,8/2p5/1p1p1k2/p2P4/P1P2K2/2P5/8/8 w - - 0 41,f4g4 f6e5 g4f3 b6b5,2373,80,100,540,crushing endgame pawnEndgame short,https://lichess.org/R4CgNZbJ#81,
CmRre,8/5p2/2k5/4PKP1/1p1p4/3P4/1Nn5/8 b - - 0 45,b4b3 f5f6 c2e3 f6f7,2375,84,100,548,crushing endgame knightEndgame master short,https://lichess.org/jGFq3Eiw/black#90,
OZPED,Q2rr3/1pk3b1/2p4p/3N2pP/8/2Pn4/P2B1pPq/1R1R1K2 b - - 5 35,c6d5 a8b7 c7d6 b1b6 d6e5 b7c7,2377,77,100,360,crushing long middlegame,https://lichess.org/D9iTncys/black#70,
PkkiY,8/8/8/2Q3N1/pp6/k1bK4/3r4/8 w - - 10 45,d3e3 c3d4 c5d4 d2d4 e3d4 a3b2,2378,76,100,358,crushing defensiveMove endgame fork long,https://lichess.org/1KPtucAy#89,
ASQFf,3kr3/7R/1N4p1/1Pp5/3rp3/1P3pPK/R4n1P/8 w - - 0 32,h3h4 e4e3 h4g5 e8e5 g5g6 d4d6,2381,77,100,344,crushing discoveredAttack endgame long,https://lichess.org/Q9kBVdO7#63,
DUBpg,8/8/7p/4K1p1/8/3k4/6PP/8 b - - 5 48,d3e3 g2g4 e3f3 e5f5,2386,80,100,305,crushing endgame pawnEndgame quietMove short zugzwang,https://lichess.org/8mRBtdrq/black#96,
mynSv,5r2/2p3k1/1pNp4/1P2p1Q1/8/2P5/6PK/4q3 b - - 5 40,g7h8 c6e7 e1b1 g5h6 b1h7 e7g6 h8g8 h6h7 g8h7 g6f8,2394,77,100,370,attraction crushing endgame exposedKing fork quietMove veryLong,https://lichess.org/AjpJMRFR/black#80,
OSBjf,8/5pp1/4k1p1/8/5P2/5K1P/5P2/8 b - - 6 45,f7f5 f3g3 e6f7 g3h4 f7f6 f2f3 g6g5 f4g5,2394,80,100,302,crushing endgame pawnEndgame quietMove veryLong zugzwang,https://lichess.org/3z64wDqL/black#90,
MwUzP,6R1/kpp5/p1n1Q3/N2pP3/1P1P3q/2P1n3/P3Nr2/2K5 b - - 5 30,f2e2 g8a8 a7b6 e6c6 b7c6 a8b8 b6a7 a5c6,2401,80,100,259,deflection mate mateIn4 middlegame sacrifice veryLong,https://lichess.org/9xQ1bN27/black#60,
gQ6r8,5r1k/p4p1P/bp2p3/3pN3/5P2/1q6/1PB2PP1/3K3Q b - - 1 29,a6e2 d1d2 b3b4 d2e2,2401,77,100,338,advantage defensiveMove endgame short,https://lichess.org/H5fj2Yjm/black#58,
0uCmo,3R4/pk3r2/2pP4/1p1p4/1P6/P2B2Kb/2P5/8 b - - 7 40,h3f5 d3f5 f7f5 d8e8 f5f6 d6d7,2401,82,100,304,advancedPawn crushing endgame long quietMove,https://lichess.org/OiPEReHF/black#80,
pxjOW,8/1pk2p2/p1p1pPrr/2Pp2P1/1P1P1K2/8/1P1N4/6R1 w - - 0 45,g5h6 g6g1 d2f3 g1g6 h6h7 g6h6,2401,80,100,277,advantage endgame hangingPiece long,https://lichess.org/qcRzsJV3#89,
gkS8l,r7/pp2Rppk/2p2n1p/3p4/3n3N/3P2Pq/PPPQ1P2/4R1K1 w - - 0 26,e7f7 f6g4 h4f3 d4f3 f7f3 h3h2,2402,77,100,311,advantage kingsideAttack long middlegame,https://lichess.org/hVni2Vs1#51,
Bt2b6,3rr3/p4pk1/5p2/5Q1p/2pq1P1b/4N3/PPP1R1P1/5R1K w - - 3 28,f5h5 e8e3 e2e3 d4e3 h5g4 h4g5,2404,79,100,273,advantage long middlegame,https://lichess.org/VoqmPBxA#55,
OeXwB,8/pp3p1k/6p1/8/2q1K1P1/P3Q1P1/1P6/8 w - - 19 45,e3d4 c4d4 e4d4 h7h6 a3a4 h6g5,2408,77,100,240,crushing endgame long queenEndgame,https://lichess.org/1o1UoxJD#89,
yX4YE,8/p7/8/8/5K2/8/Pk6/8 w - - 3 66,f4e4 b2a2 e4d4 a2b3,2409,80,100,421,crushing defensiveMove endgame pawnEndgame short,https://lichess.org/eoVyjaqR#131,
PHgSM,5b1k/1bq3pp/p3Q3/1p2p3/4P3/2rBB3/6PP/5RK1 b - - 2 26,f8e7 f1f7 b7c8 e6e7 c7e7 f7e7,2409,76,100,272,advantage long middlegame,https://lichess.org/PCMklI2d/black#52,
9LzHQ,1R6/8/4p1K1/k5P1/4rp2/8/8/8 b - - 0 50,f4f3 b8f8 a5b4 f8f3 b4c4 g6f6,2409,78,100,330,crushing endgame long rookEndgame,https://lichess.org/uc18ODgp/black#100,
fJySU,1Q6/6pk/P2pp1qp/1P1p1p1n/3P1P2/4rN1P/6PK/6R1 w - - 5 33,a6a7 g6g3 h2h1 g3f4,2409,80,100,244,crushing endgame short,https://lichess.org/FFM3EOEB#65,
MOfKF,1r3rk1/p1p4p/2N1b1pb/3p2q1/8/2P1P2P/PPQN1PP1/R4RK1 w - - 1 18,d2f3 f8f3 h3h4 g5h4,2410,78,100,367,advantage middlegame pin short,https://lichess.org/lCzejMaq#35,Queens_Pawn_Game Queens_Pawn_Game_Accelerated_London_System
dOFlf,r4nk1/6pp/2p5/1p1p2P1/2nPp2P/1qN1P3/P4Q2/KN3R2 b - - 1 26,f8e6 f2f7 g8h8 f1f2 b3b4 f7e6,2410,77,100,277,advantage clearance fork long middlegame quietMove,https://lichess.org/pklVvSYz/black#52,
IqrQA,1r1r2k1/1Q1b1pbp/p1n1p1p1/q2P4/2B1P3/4B3/P3NPPP/1RR3K1 w - - 1 17,e3b6 b8b7 b6a5 c6a5 b1b7 a5b7,2412,83,100,279,advantage long middlegame,https://lichess.org/K6VLZZRE#33,English_Opening English_Opening_Anglo-Grunfeld_Defense
3PQE1,2r2r2/pppR1pkp/2n2qp1/8/5N2/P4Q2/1PP2PP1/1K2R3 b - - 2 21,c6e5 f3g3 f6f4 g3f4,2413,77,100,326,advantage master middlegame short,https://lichess.org/pvoWiUoJ/black#42,
O2hTZ,1r5r/pp2Q1kp/1b6/5R2/6q1/6P1/5P1P/6K1 b - - 4 43,g7h6 e7f6 g4g6 f5h5 h6h5 f6h4,2417,78,100,340,attraction endgame exposedKing long mate mateIn3 pin sacrifice,https://lichess.org/J0kM6v9r/black#86,
YCUFP,4r3/1p2qrk1/p7/2pP2p1/P2p1pQ1/3P1R2/1PP3P1/5R1K w - - 0 30,f3f4 f7f4 f1f4 e7e1 h1h2 e8h8,2421,77,100,296,crushing endgame long,https://lichess.org/RahjtCgh#59,
9GbpV,4Q3/6pk/p3pr1p/q1p1Np2/P1pPb2R/2P3P1/1r3PP1/3R1K2 b - - 7 24,a5c3 e5d7 e4d3 f1g1 c3d4 h4d4,2421,79,100,240,crushing long middlegame,https://lichess.org/p8H3wWyP/black#48,
1psVS,8/8/3k2p1/2p2p2/p1P1pP2/6P1/3p3r/R4KR1 w - - 4 43,a1d1 e4e3 g1g2 e3e2 f1e2 h2g2 e2f3 g2h2,2423,79,100,258,advancedPawn attraction crushing defensiveMove deflection endgame exposedKing fork rookEndgame veryLong,https://lichess.org/9L7A6jhg#85,
iWK36,3r4/2kP4/1p3p2/pB1P1Pp1/P2K2P1/1P6/8/8 w - - 1 48,b5c6 d8h8 d4c4 h8h4 d5d6 c7d8,2423,79,100,239,crushing defensiveMove endgame long quietMove,https://lichess.org/2uREAVn7#95,
6tkSp,rnbk2nr/ppp3pp/8/6N1/4R3/BB6/P4PPP/bN4K1 b - - 2 15,g8f6 g5f7 d8d7 b3a4 b7b5 a4b5 c7c6 e4e7,2426,96,100,413,fork mate mateIn4 middlegame veryLong,https://lichess.org/vYlMzkcn/black#30,Philidor_Defense Philidor_Defense_Bird_Gambit
0VkzC,8/q3ppkp/1R1p2p1/P1rP4/1Q6/1P5P/5PP1/6K1 w - - 3 29,b6b7 c5c1 g1h2 a7f2 b7e7 f2g1 h2g3 c1c2 e7f7 g7f7,2430,77,100,241,crushing deflection discoveredAttack endgame veryLong,https://lichess.org/ZizUHSgj#57,
lLgb5,8/6k1/3P1p2/1R4pp/4K3/6rP/8/8 b - - 0 41,g3g1 d6d7 g1e1 e4f5,2438,80,100,356,advancedPawn crushing defensiveMove endgame rookEndgame short,https://lichess.org/TFkSgvBB/black#82,
bH6Wv,r3q1r1/4B2k/1p1p4/2p2Q1p/1pP1P2P/1b1P4/6P1/5RK1 b - - 1 38,h7h6 e7g5 g8g5 f5g5 h6h7 f1f6,2440,80,100,297,crushing long middlegame,https://lichess.org/hXsaHVVX/black#76,
UguAs,8/2p5/p3k3/3p3p/3P2p1/P5PP/3K2P1/8 w - - 2 39,d2d3 e6d6 d3e3 c7c5 h3g4 h5g4 e3f4 c5c4,2441,79,100,442,crushing defensiveMove endgame pawnEndgame veryLong,https://lichess.org/iplOQhmg#77,
HRp8k,5rk1/1p3p2/p2Q4/2pP2Pp/P7/3B3b/3qPP2/2R3K1 w - - 3 27,d6h6 d2c1 g1h2 h3f5 d3f5 c1f4 h2g2 f4f5,2445,89,100,277,crushing endgame fork hangingPiece veryLong,https://lichess.org/98mwqF3Q#53,
oAueN,8/8/8/p7/3k4/5p1p/7P/3N1K2 w - - 0 58,f1f2 a5a4 d1e3 d4c3 e3d5 c3b3,2446,79,100,254,crushing defensiveMove endgame knightEndgame long quietMove,https://lichess.org/84VXNC3A#115,
FpIBP,r5k1/1b3pp1/7p/2p3q1/2Pp4/1P1N2P1/5QP1/4R2K b - - 8 33,a8a3 e1e8 g8h7 f2f7 g5g3 f7f5,2447,82,100,315,crushing deflection endgame long,https://lichess.org/y4fgE2dp/black#66,
aXewp,r2q1bkr/pb1pp1p1/1pn2pB1/2p1P2p/3PN1nP/2P2N2/PPQ2PP1/R1B1K2R b KQ - 4 11,c5d4 e4g5 f6g5 f3g5 g4e5 g6h7 h8h7 c2h7,2452,103,100,333,kingsideAttack master mate mateIn4 opening quietMove sacrifice veryLong,https://lichess.org/iNrPycuT/black#22,Fried_Fox_Defense Fried_Fox_Defense_Other_variations
RmZvW,5r1k/7p/3p3q/8/P2PQ3/2P1b3/5RR1/6K1 w - - 1 38,e4e7 e3f2 g2f2 h6c1 g1g2 f8g8 g2f3 c1c3,2452,85,100,247,crushing endgame exposedKing master veryLong,https://lichess.org/tYoBAXBo#75,
KwORg,1kb5/2q3p1/8/4NK2/4P2r/2PQBP1r/8/R4R2 w - - 1 31,f5g6 h4h6 e3h6 h3h6 g6g5 c7e5,2453,80,100,437,long mate mateIn3 middlegame sacrifice,https://lichess.org/QA8YzouC#61,
HjZTO,2Q2Nk1/pp4r1/6pb/4p2p/4q2P/6P1/PP5r/K2R4 b - - 3 35,e4e2 f8d7 g8f7 c8f8 f7e6 d1d6,2456,82,100,367,discoveredAttack exposedKing long mate mateIn3 middlegame,https://lichess.org/71X2pYQy/black#70,
3jCvZ,1rk5/4b2p/1r6/Q7/5q2/2P1RN2/P4PPP/2KR4 w - - 5 36,a5e5 b6b1 c1d2 b8b2 d2e1 b1d1 e1d1 f4a4 d1e1 b2b1 e1e2 a4d1,2459,87,100,531,attraction dovetailMate exposedKing mate mateIn5 middlegame veryLong,https://lichess.org/rMnCPkbA#71,
HU6Qp,8/7p/K1k3p1/P4p2/8/6P1/7P/8 w - - 0 45,a6a7 g6g5 a7b8 c6b5 b8b7 b5a5,2460,79,100,272,advantage endgame long pawnEndgame quietMove,https://lichess.org/egy6nIgq#89,
ed9NV,r3r1k1/5pp1/p1p5/PpPp3P/1P2p1Q1/8/5P1P/4K3 b - - 0 33,e4e3 h5h6 g7g6 g4d4 f7f6 d4f6 e3f2 e1f1 a8a7 f6g6 g8f8 h6h7 a7h7 g6h7,2461,80,100,388,advancedPawn crushing endgame fork pin queenRookEndgame veryLong,https://lichess.org/O6lBiXxt/black#66,
RzRQL,8/8/p1kr1Q1b/qpp2b2/3pN3/1P1Pn2P/PBP5/2K1R1R1 w - - 9 34,e4d6 e3f1 c1b1 a5e1 b2c1 e1c1,2464,86,100,284,discoveredAttack interference long mate mateIn3 middlegame queensideAttack,https://lichess.org/NlIQiPvS#67,
SKC1t,8/6pp/3k4/2pP4/pp2K1PP/4P3/PP6/8 w - - 0 32,h4h5 c5c4 e4d4 c4c3 b2c3 b4b3 a2b3 a4a3,2464,81,100,283,crushing endgame pawnEndgame quietMove sacrifice veryLong,https://lichess.org/GxopHjHw#63,
22lhO,1Q4k1/p2r1p2/1pp1p1p1/6Pp/4p2P/PqPrP3/1P6/1KR2R2 b - - 8 38,g8h7 b8f8 f7f5 f8h6 h7g8 h6g6,2466,78,100,258,advantage deflection endgame long,https://lichess.org/9NKRPpTx/black#76,
0zqlJ,5k2/8/7K/1p3P2/8/6P1/8/8 w - - 2 52,g3g4 f8g8 h6g6 b5b4 g4g5 b4b3,2466,85,100,339,crushing endgame long pawnEndgame quietMove,https://lichess.org/sQS6gj0z#103,
1dW9v,8/p1p3pk/2p4p/8/2PK2P1/1b4P1/P6P/8 b - - 1 60,b3c4 d4c4 h7g6 c4c5 g6g5 h2h3 g5f6 c5c6 f6e5 c6c7,2468,80,100,244,crushing endgame hangingPiece master quietMove veryLong,https://lichess.org/GaflHAt4/black#120,
1tgy3,2r3r1/pp3k2/4bnpQ/4p3/q2pP2N/3P1P2/PP6/1KN3RR w - - 8 30,g1g6 c8c1 b1c1 g8c8 c1d2 a4c2 d2e1 c2c1 h6c1 c8c1,2469,76,100,260,advantage attraction middlegame queensideAttack sacrifice veryLong,https://lichess.org/eyIk1rQh#59,
A8Srp,5rk1/5p2/2p1pRp1/1pP4q/r2PQ2P/8/1K3R2/8 b - - 2 32,h5d5 e4g6 f7g6 f6f8 g8h7 f2f7 h7h6 f8h8,2476,86,100,329,endgame mate mateIn4 sacrifice veryLong,https://lichess.org/e26xtKN1/black#64,
WVpFT,8/8/5k2/4p3/4P1P1/1p3K2/1B1b4/8 w - - 6 44,f3g3 d2e3 g4g5 f6e6 g3f3 e3d4,2477,77,100,247,bishopEndgame crushing defensiveMove endgame long quietMove,https://lichess.org/QsNDacr2#87,
4EVsa,8/8/p5k1/1pP3p1/1P3nN1/P5Kp/8/8 b - - 1 55,g6h5 g4f6 h5g6 c5c6 g6f6 c6c7,2478,87,100,371,advancedPawn crushing endgame knightEndgame long sacrifice,https://lichess.org/Fnw98U4g/black#110,
DjKNY,3k4/1R6/4P3/3P1p2/p7/3K4/rp6/8 b - - 0 59,a4a3 e6e7 d8e8 d5d6 b2b1r b7b1,2485,79,100,286,advancedPawn crushing endgame long rookEndgame,https://lichess.org/N6o8LUm5/black#118,
L9ebN,r4r1k/pR4pp/4Q3/3p4/1R6/2p2P1P/P5PK/3q4 b - - 4 33,c3c2 b7g7 d1g1 h2g1 c2c1q g1h2,2486,81,100,240,crushing defensiveMove endgame long,https://lichess.org/D99f5fbe/black#66,
emgQI,k1n3R1/p2q1p2/2p2p2/2QN4/5P1r/4PK2/P6r/1R6 b - - 9 30,f6f5 g8c8 d7c8 d5c7 c8c7 c5f8 c7b8 b1b8,2486,78,100,273,mate mateIn4 middlegame sacrifice veryLong,https://lichess.org/qpaPmAmz/black#60,
hJJfZ,6k1/p4pp1/Q3p2p/2P5/P7/5P1P/1r1r1qP1/2R3RK w - - 1 25,a6a7 f2g3 a7a8 g8h7 a8e4 f7f5,2491,87,100,239,crushing defensiveMove endgame long,https://lichess.org/onW7GNdN#49,
RhX23,8/p5pk/1p4qp/3QB3/8/7P/PP2nPPK/8 w - - 0 30,e5g7 g6b1 h3h4 b1g1 h2h3 e2f4 h3g3 f4d5,2494,76,100,244,crushing endgame fork veryLong,https://lichess.org/3ZvACdjq#59,
kc0IO,3r3b/p3k2p/4r3/q5B1/1pQpp1P1/1Pn5/P1P3B1/2KR1R2 b - - 5 27,h8f6 c4e6 e7e6 f1f6 e6d7 d1d4 d7c8 d4d8,2498,86,100,286,advantage attraction exposedKing interference middlegame veryLong,https://lichess.org/E9bU2Wmo/black#54,
D8vFY,8/1p5k/p5p1/P1p1b2p/2PpPq1r/1P1Q4/2P3RP/6RK w - - 3 35,g1f1 h4h2 h1g1 f4h4 f1f7 h7g8,2502,76,100,215,crushing endgame long,https://lichess.org/Rt8OtlwF#69,
sR2Av,1r4k1/p4p2/2pp1P2/2p1b2p/P1P3pP/3P4/Pq4PN/3Q1RK1 b - - 2 27,b2a2 h2g4 b8b2 d1f3,2502,85,100,294,advantage endgame master masterVsMaster short,https://lichess.org/Ijx6EgZE/black#54,
46UNf,8/2p5/1p6/p1b3p1/P3N3/1P1K2kP/2P5/8 b - - 2 40,g3f4 e4c5 b6c5 c2c3 f4g3 b3b4,2502,78,100,281,crushing endgame long quietMove,https://lichess.org/PzxnldW0/black#80,
xI49H,4r3/ppk2p1p/2p3b1/3p1B2/7q/P3R2P/1PQ2KP1/3N4 w - - 3 26,f2g1 h4d4 c2c3 d4d1 g1h2 e8e3,2504,80,100,230,advantage long middlegame pin,https://lichess.org/dSTwZRpk#51,
bZZGJ,r1bq1nr1/5k2/pp1N3R/2pPp1p1/2P1P1P1/P2B1Q2/1P4K1/8 b - - 0 34,f7g7 d6e8 g7h6 f3h3 h6g6 h3h5,2504,84,100,310,exposedKing long master mate mateIn3 middlegame sacrifice,https://lichess.org/lO0NVD3z/black#68,
pW3Xs,8/1p3qk1/3p2pp/p2P1r1P/2P5/P3RpK1/2Q2P2/1B6 w - - 4 39,g3g4 f5g5 g4h3 g5h5 h3g3 h5g5,2508,78,100,278,advantage deflection endgame long,https://lichess.org/rKpcjjS9#77,
5Kuuw,4R3/1p4p1/p5k1/8/7P/2r2KP1/P7/8 w - - 4 45,e8e3 c3e3 f3e3 g6h5 e3d4 h5g4,2510,77,100,261,crushing endgame long rookEndgame,https://lichess.org/xYkYv3Gl#89,
SLwiM,r2q2k1/7p/2p1Q1p1/2Pp2P1/1Pb2PN1/7P/P7/6K1 b - - 2 33,g8g7 e6e5 g7f8 e5h8 f8e7 h8h7,2510,84,100,252,crushing endgame long,https://lichess.org/KhmN74LM/black#66,
v1RHd,2rR1kr1/5p2/7p/1Qn1p1pP/6P1/2B2q2/PP6/K2R4 b - - 1 37,c8d8 b5c5 f8g7 c3e5 g7h7 c5c2,2511,78,100,226,crushing hangingPiece long middlegame,https://lichess.org/VtJjmXPB/black#74,
Ue0ty,4rr1k/3RP1pp/8/8/1p6/1R5P/6PK/8 b - - 0 38,f8f7 b3e3 g7g5 d7d8 f7e7 d8e8 e7e8 e3e8,2511,82,100,248,crushing endgame quietMove rookEndgame veryLong xRayAttack,https://lichess.org/XolBtX2e/black#76,
iZm71,8/6p1/p1k2pP1/1p1n4/1P1PKB1P/8/8/8 w - - 1 39,f4h6 g7h6 e4f5 d5e7 f5e6 e7g6,2512,78,100,349,crushing deflection endgame hangingPiece long,https://lichess.org/D612aaeN#77,
bFHNh,r4rk1/1b3ppp/3Np3/3pP3/3p2Q1/3P2PP/1qP2RBK/8 b - - 1 28,b7a6 f2f7 f8f7 g4e6 a8f8 d6f7,2514,85,100,301,attraction capturingDefender crushing long middlegame sacrifice,https://lichess.org/dgL5y9CN/black#56,
UKQZv,4r1k1/1pq2pbp/p4np1/3prb2/5B2/P1PB3P/1PQ2PP1/R3RNK1 b - - 5 19,f5d3 f4e5 c7e5 c2d3 e5e1 a1e1,2515,84,100,296,advantage intermezzo long middlegame,https://lichess.org/Hkk4QEwc/black#38,
ncyur,8/5ppp/4p3/2KpPP2/3P1kPP/8/8/8 w - - 1 36,f5f6 g7f6 e5f6 e6e5 d4e5 f4e5,2516,83,100,246,crushing endgame long pawnEndgame,https://lichess.org/wNeBbPUc#71,
pyyQV,2kn1br1/ppp4p/7q/4p3/P4n1N/2P3P1/1P1NBP1K/R2Q1R2 w - - 2 22,f1h1 h6h4 h2g1 g8g3 f2g3 f8c5 g1f1 h4h1,2517,87,100,344,deflection mate mateIn4 middlegame veryLong,https://lichess.org/THLOwPsF#43,
dw9jN,5r1k/2p3pp/4Q3/4N3/1r1q4/1p6/1P4bP/R3R2K w - - 0 30,h1g2 f8f2 g2h1 f2h2 h1h2 d4f2 h2h1 b4h4 e6h3 h4h3,2520,79,100,212,attraction mate mateIn5 middlegame sacrifice veryLong,https://lichess.org/hHn509or#59,
S3fgf,2kr1b1r/ppp4p/7p/qB1p4/8/8/PQ1N1PPP/4RK1R w - - 0 22,e1e8 f8a3 e8d8 h8d8,2523,77,100,251,advantage middlegame short,https://lichess.org/SULPs1WG#43,
AfOhl,8/8/p3k1p1/1p4Pp/P1p1K2P/2P5/1P6/8 b - - 0 40,e6d6 e4d4 d6e6 d4c5,2523,79,100,242,crushing endgame pawnEndgame short,https://lichess.org/kwqSPqA6/black#80,
ULgLz,1k6/p1R1R1p1/7p/1p2pq2/6Q1/3r3K/1P3P1P/8 w - - 8 37,h3h4 f5f6 h4h5 d3h3 g4h3 f6g5,2525,87,100,341,endgame long mate mateIn3 sacrifice,https://lichess.org/ifzcnUwf#73,
2oKRR,7k/pQp3p1/7p/8/4r3/2P1qr2/PP2B2P/4RKR1 w - - 0 26,f1g2 f3f2 g2h1 f2h2 h1h2 e3f2 h2h1 e4h4,2527,80,100,261,attraction mate mateIn4 middlegame sacrifice veryLong,https://lichess.org/cc37vjMk#51,
9M0mK,8/8/2k1P1p1/2Pp4/1p1K4/8/8/8 b - - 1 42,g6g5 d4e5 b4b3 e6e7 c6d7 e5f6 b3b2 c5c6 d7d6 e7e8q,2529,86,100,293,advancedPawn crushing deflection endgame pawnEndgame promotion veryLong,https://lichess.org/UMCgproW/black#84,
A5Nb8,rnb1k2r/pp3ppp/2p1pn2/8/1BP5/1R6/q4PPP/3QKBNR b Kkq - 3 12,b8a6 b3d3 c8d7 d3d2 a6b4 d2a2,2539,81,100,273,advantage long opening quietMove trappedPiece,https://lichess.org/Ay1nxP8Q/black#24,Queens_Gambit_Declined Queens_Gambit_Declined_Modern_Variation
focqy,8/6k1/6p1/5p1p/5K1P/6P1/5P2/8 b - - 3 54,g7f7 f4g5 f7g7 f2f3 g7h7 g5f6 f5f4 g3f4,2539,82,100,232,crushing endgame pawnEndgame quietMove veryLong zugzwang,https://lichess.org/Xx1zNk2S/black#108,
IFFpR,3k4/4Rp2/8/p1QpP3/B2P1PK1/2p5/P3b1P1/5q2 w - - 13 52,g4f5 f1b1 a4c2 b1c2 f5g5 c2g6 g5h4 g6g4,2543,81,100,319,endgame mate mateIn4 veryLong,https://lichess.org/rVOUOIE0#103,
OPQ12,1k1N4/ppp5/8/4P3/1P1q4/P5p1/2P3Kr/R3QR2 w - - 3 25,g2g3 d4h4 g3f3 h2h3 f3e2 h4g4 e2d2 g4d4,2549,84,100,211,crushing endgame exposedKing fork veryLong,https://lichess.org/t683AqOc#49,
mhbtl,3k4/1pr2pNp/p2Q4/8/5P2/2Pp4/PP3q1P/1K6 b - - 3 33,c7d7 d6b8 d8e7 g7f5 e7f6 b8e5 f6g6 f5e7 d7e7 e5g5,2550,83,100,250,clearance endgame exposedKing mate mateIn5 sacrifice veryLong,https://lichess.org/EwAdCXPB/black#66,
fcTgV,8/8/7p/P2kp1pP/4p1P1/P1p1K3/5P2/8 b - - 0 42,d5c5 e3e2 c5b5 e2d1 b5a5 d1c2 a5a4 c2c3,2556,81,100,204,crushing endgame pawnEndgame veryLong,https://lichess.org/eyna45p5/black#84,
yatqu,7K/8/5k2/1p6/1P6/p7/P7/8 w - - 0 70,h8g8 f6e5 g8f7 e5d4 f7f6 d4c3 f6e5 c3b2 e5d4 b2a2 d4c3 a2b1,2557,86,100,327,crushing endgame pawnEndgame veryLong,https://lichess.org/OAsLKjfe#139,
ucEdJ,r6k/1b3p2/p4Prp/3qP2Q/1p5R/8/PP2N2P/2R2K2 w - - 1 35,c1c4 d5g2 f1e1 b7f3 h5f3 g2f3,2559,84,100,266,clearance crushing long middlegame,https://lichess.org/iVAPGCTT#69,
EPW4J,4r1k1/ppp2ppp/3b4/3P2q1/2P5/1B3K2/P1Q2P2/R4R2 w - - 2 22,f1g1 g5h5 f3g2 e8e2 c2e2 h5e2,2559,78,100,317,advantage long master middlegame,https://lichess.org/rJAYysHl#43,
EbGoC,2Q5/4r1pk/1pR1p2p/pP2q3/5n2/P6P/5PP1/5RK1 w - - 0 33,c8d8 e5e4 f2f3 e4e2 f1f2 e2e1,2560,79,100,203,advantage endgame long,https://lichess.org/7uYo3dye#65,
WmewH,8/8/8/1p1k2p1/2pp2Pp/1P5P/P1P1K3/8 w - - 0 40,e2d2 c4c3 d2e2 b5b4 e2d3 d5e5,2561,87,100,207,crushing defensiveMove endgame long pawnEndgame quietMove,https://lichess.org/8DSvA2G1#79,
Aaqrl,2R5/8/p2p3P/8/5Pk1/r1p5/8/6K1 b - - 0 42,c3c2 c8c2 a3h3 c2h2 h3b3 h2g2 g4f4 h6h7 b3b8 g2g8,2562,93,100,246,advancedPawn crushing endgame rookEndgame veryLong,https://lichess.org/aLhmxxiK/black#84,
EG7qV,6k1/p3qpp1/1p2p2p/3pPP2/1Pr5/P3Q3/5P1P/6RK b - - 0 27,c4e4 g1g7 g8g7 f5f6 e7f6 e5f6,2565,84,100,205,advantage attraction endgame fork long sacrifice,https://lichess.org/lcZdjnMZ/black#54,
uW5T1,8/1p2k3/1ppp4/3Pp3/P1P5/1P3K2/5P2/8 b - - 0 45,e7f6 d5c6 b7c6 b3b4 f6e7 a4a5,2568,80,100,297,crushing endgame long pawnEndgame quietMove,https://lichess.org/Q3hTEZtK/black#90,
dcF5K,r4rk1/5pp1/4p1n1/3pP1N1/2bP4/1p2R2Q/3R1P1K/2q5 b - - 3 36,f8b8 h3h7 g8f8 e3f3 f8e8 f3f7,2569,92,100,210,attackingF2F7 crushing long middlegame,https://lichess.org/zjsRAV64/black#72,
MMcQB,1r4k1/pB2ppbp/5np1/4nq2/Q3N3/4B3/PPP2PPP/3R2K1 b - - 0 17,b8b7 d1d8 g7f8 e4f6 f5f6 e3h6,2571,84,100,303,crushing deflection kingsideAttack long middlegame pin,https://lichess.org/p5m2rnEN/black#34,Sicilian_Defense Sicilian_Defense_Hyperaccelerated_Fianchetto
itPb5,5k2/8/4BpKP/5P2/r7/8/8/8 b - - 6 71,f8e7 h6h7 a4g4 g6h5 g4g2 e6d5 g2g3 h5h4,2572,84,100,206,advancedPawn crushing endgame veryLong,https://lichess.org/wQan4GoM/black#142,
X7JCE,r4k2/pp4bQ/1q1p2B1/3P4/3n1r2/7P/PPP5/1K1R1R2 b - - 3 27,d4f5 c2c3 f4f2 f1f2 b6f2 g6f5,2573,79,100,212,crushing long middlegame pin quietMove,https://lichess.org/FSYIDhpi/black#54,
C27Ou,2k2n2/1b2q3/pQp1p1p1/1p2P1P1/3PB2P/P7/1P4P1/6K1 b - - 8 36,e7c7 b6c7 c8c7 h4h5,2576,82,100,215,advantage endgame short,https://lichess.org/2V2Q9qo0/black#72,
RSIiG,8/8/7p/1p6/pP4P1/P4K2/8/5k2 w - - 0 71,f3f4 f1f2 f4e5 f2g3 e5d4 g3g4,2577,82,100,244,crushing endgame long pawnEndgame zugzwang,https://lichess.org/mml99gSH#141,
QJQ9D,1r3n1k/R4Qp1/3Np2p/3nq3/4B3/p4PP1/6KP/8 b - - 0 35,a3a2 f7f8 b8f8 d6f7 h8g8 f7e5,2580,81,100,245,advantage fork long master middlegame sacrifice,https://lichess.org/0LtPuKXf/black#70,
xETd3,3R4/8/p1p2r1p/1p4rk/4P2p/PBP5/1P4P1/6K1 b - - 3 39,f6g6 b3d1 g5g4 d8f8 h4h3 g2g3,2582,80,100,328,crushing defensiveMove endgame long pin quietMove,https://lichess.org/xtBHr7mL/black#78,
HYPdW,rn6/p1pk1R1p/3q2p1/1p1Nr2b/4Q3/8/PPPB4/R3K3 b Q - 1 28,d7c6 d5e7 c6b6 e7c8 b6a6 c8d6,2587,82,100,230,advantage doubleCheck fork long middlegame,https://lichess.org/lR0xAyGZ/black#56,
8MCUp,5r1k/4r1p1/pp2P1Qp/3b1N2/P1p5/2P3R1/R1B1K2P/2q5 w - - 1 38,f5e7 c1f1 e2d2 f8f2 d2e3 f2e2 e3d4 f1f2 g3e3 f2e3 d4d5 e3c5,2591,88,100,389,exposedKing mate mateIn5 middlegame veryLong,https://lichess.org/1eNIu801#75,
HRfnO,2b1r3/3q4/pp1p2kB/2nPrp2/P1p1P1nR/2N2KQ1/1PB3P1/2R5 w - - 0 30,e4f5 d7f5 c2f5 e5f5 h6f4 e8e3 f3g4 f5f6,2592,81,100,244,discoveredAttack exposedKing mate mateIn4 middlegame pin sacrifice veryLong,https://lichess.org/fYVocBGR#59,
7MKVw,5rk1/5p2/3q1p2/pQ1P4/8/P6P/2r2PP1/3R1K1R w - - 5 32,h3h4 d6f4 b5b6 c2c1,2595,79,100,249,advantage endgame master masterVsMaster short,https://lichess.org/wqMuNHLJ#63,
16ATZ,3r2rk/p4RNp/3q4/6Q1/7P/8/PP1p2P1/1K1R4 w - - 0 30,h4h5 d6d3 b1a1 d3e2 f7f1 e2f1,2598,79,100,219,advantage long middlegame,https://lichess.org/yN27F4F1#59,
liHu8,8/2P2k1p/R6B/4pP2/4n3/2P4P/1P3bPK/3r4 w - - 1 33,h3h4 f2g1 h2h3 e4f2 h3g3 d1d3 h6e3 d3e3,2599,84,100,348,endgame mate mateIn4 veryLong,https://lichess.org/9NffW3zs#65,
HnmKM,2r5/5R2/6pk/3Pp3/4P1PP/5P2/5K2/2b5 b - - 0 37,g6g5 f7f6 h6g7 f6c6,2600,83,100,242,crushing endgame short,https://lichess.org/Ccam5azZ/black#74,
